train_size_category,test_roc_auc,test_balanced_accuracy,fold-site,classifier,feature_type,atlas,dataset
75,0.6517857142857143,0.5206043956043955,Baltimore,L2LR,zscores_VBM_ROI,Neuromorphometrics,N763
75,0.6419753086419753,0.6134259259259259,Boston,L2LR,zscores_VBM_ROI,Neuromorphometrics,N763
75,0.6376811594202899,0.5522774327122153,Dallas,L2LR,zscores_VBM_ROI,Neuromorphometrics,N763
75,0.9047619047619047,0.8809523809523809,Detroit,L2LR,zscores_VBM_ROI,Neuromorphometrics,N763
75,0.546474358974359,0.5432692307692308,Hartford,L2LR,zscores_VBM_ROI,Neuromorphometrics,N763
75,0.5335526315789474,0.49802631578947365,mannheim,L2LR,zscores_VBM_ROI,Neuromorphometrics,N763
75,0.5890092879256966,0.5503095975232198,creteil,L2LR,zscores_VBM_ROI,Neuromorphometrics,N763
75,0.7956790123456791,0.6833333333333333,udine,L2LR,zscores_VBM_ROI,Neuromorphometrics,N763
75,0.803921568627451,0.5490196078431372,galway,L2LR,zscores_VBM_ROI,Neuromorphometrics,N763
75,0.6453634085213033,0.6015037593984962,pittsburgh,L2LR,zscores_VBM_ROI,Neuromorphometrics,N763
75,0.3961352657004831,0.4251207729468599,grenoble,L2LR,zscores_VBM_ROI,Neuromorphometrics,N763
75,0.7085714285714286,0.655,geneve,L2LR,zscores_VBM_ROI,Neuromorphometrics,N763
150,0.6304945054945055,0.5398351648351648,Baltimore,L2LR,zscores_VBM_ROI,Neuromorphometrics,N763
150,0.6728395061728394,0.5578703703703703,Boston,L2LR,zscores_VBM_ROI,Neuromorphometrics,N763
150,0.6532091097308489,0.5755693581780538,Dallas,L2LR,zscores_VBM_ROI,Neuromorphometrics,N763
150,0.8253968253968254,0.7619047619047619,Detroit,L2LR,zscores_VBM_ROI,Neuromorphometrics,N763
150,0.5857371794871795,0.5280448717948718,Hartford,L2LR,zscores_VBM_ROI,Neuromorphometrics,N763
150,0.6085526315789473,0.5743421052631579,mannheim,L2LR,zscores_VBM_ROI,Neuromorphometrics,N763
150,0.5998452012383901,0.5410216718266254,creteil,L2LR,zscores_VBM_ROI,Neuromorphometrics,N763
150,0.8348765432098765,0.7749999999999999,udine,L2LR,zscores_VBM_ROI,Neuromorphometrics,N763
150,0.7450980392156863,0.6862745098039216,galway,L2LR,zscores_VBM_ROI,Neuromorphometrics,N763
150,0.6547619047619048,0.5745614035087719,pittsburgh,L2LR,zscores_VBM_ROI,Neuromorphometrics,N763
150,0.5555555555555556,0.6014492753623188,grenoble,L2LR,zscores_VBM_ROI,Neuromorphometrics,N763
150,0.5957142857142856,0.595,geneve,L2LR,zscores_VBM_ROI,Neuromorphometrics,N763
200,0.6373626373626374,0.625,Baltimore,L2LR,zscores_VBM_ROI,Neuromorphometrics,N763
200,0.6265432098765431,0.5671296296296295,Boston,L2LR,zscores_VBM_ROI,Neuromorphometrics,N763
200,0.6335403726708074,0.6035196687370601,Dallas,L2LR,zscores_VBM_ROI,Neuromorphometrics,N763
200,0.7857142857142858,0.6666666666666666,Detroit,L2LR,zscores_VBM_ROI,Neuromorphometrics,N763
200,0.6065705128205128,0.5761217948717948,Hartford,L2LR,zscores_VBM_ROI,Neuromorphometrics,N763
200,0.6302631578947369,0.6157894736842104,mannheim,L2LR,zscores_VBM_ROI,Neuromorphometrics,N763
200,0.6377708978328174,0.6168730650154799,creteil,L2LR,zscores_VBM_ROI,Neuromorphometrics,N763
200,0.7530864197530864,0.6722222222222223,udine,L2LR,zscores_VBM_ROI,Neuromorphometrics,N763
200,0.607843137254902,0.5098039215686274,galway,L2LR,zscores_VBM_ROI,Neuromorphometrics,N763
200,0.5595238095238094,0.5758145363408522,pittsburgh,L2LR,zscores_VBM_ROI,Neuromorphometrics,N763
200,0.5458937198067633,0.49275362318840576,grenoble,L2LR,zscores_VBM_ROI,Neuromorphometrics,N763
200,0.5857142857142856,0.5907142857142857,geneve,L2LR,zscores_VBM_ROI,Neuromorphometrics,N763
300,0.6524725274725275,0.5934065934065934,Baltimore,L2LR,zscores_VBM_ROI,Neuromorphometrics,N763
300,0.6604938271604938,0.6157407407407407,Boston,L2LR,zscores_VBM_ROI,Neuromorphometrics,N763
300,0.5641821946169772,0.5502070393374741,Dallas,L2LR,zscores_VBM_ROI,Neuromorphometrics,N763
300,0.7857142857142857,0.6547619047619048,Detroit,L2LR,zscores_VBM_ROI,Neuromorphometrics,N763
300,0.6354166666666666,0.6161858974358975,Hartford,L2LR,zscores_VBM_ROI,Neuromorphometrics,N763
300,0.6342105263157894,0.5789473684210527,mannheim,L2LR,zscores_VBM_ROI,Neuromorphometrics,N763
300,0.5828173374613004,0.5232198142414861,creteil,L2LR,zscores_VBM_ROI,Neuromorphometrics,N763
300,0.7462962962962962,0.6916666666666667,udine,L2LR,zscores_VBM_ROI,Neuromorphometrics,N763
300,0.37254901960784315,0.4509803921568627,galway,L2LR,zscores_VBM_ROI,Neuromorphometrics,N763
300,0.5820802005012532,0.5667293233082706,pittsburgh,L2LR,zscores_VBM_ROI,Neuromorphometrics,N763
300,0.5265700483091788,0.5265700483091788,grenoble,L2LR,zscores_VBM_ROI,Neuromorphometrics,N763
300,0.6085714285714285,0.6242857142857143,geneve,L2LR,zscores_VBM_ROI,Neuromorphometrics,N763
400,0.6964285714285714,0.6456043956043955,Baltimore,L2LR,zscores_VBM_ROI,Neuromorphometrics,N763
400,0.6018518518518519,0.5740740740740741,Boston,L2LR,zscores_VBM_ROI,Neuromorphometrics,N763
400,0.5062111801242236,0.562111801242236,Dallas,L2LR,zscores_VBM_ROI,Neuromorphometrics,N763
400,0.7380952380952381,0.7619047619047619,Detroit,L2LR,zscores_VBM_ROI,Neuromorphometrics,N763
400,0.6322115384615384,0.6266025641025641,Hartford,L2LR,zscores_VBM_ROI,Neuromorphometrics,N763
400,0.6427631578947369,0.5914473684210526,mannheim,L2LR,zscores_VBM_ROI,Neuromorphometrics,N763
400,0.7205882352941178,0.6509287925696594,creteil,L2LR,zscores_VBM_ROI,Neuromorphometrics,N763
400,0.7138888888888889,0.6833333333333333,udine,L2LR,zscores_VBM_ROI,Neuromorphometrics,N763
400,0.33333333333333337,0.4019607843137255,galway,L2LR,zscores_VBM_ROI,Neuromorphometrics,N763
400,0.6911027568922306,0.5930451127819549,pittsburgh,L2LR,zscores_VBM_ROI,Neuromorphometrics,N763
400,0.49275362318840576,0.48067632850241543,grenoble,L2LR,zscores_VBM_ROI,Neuromorphometrics,N763
400,0.5871428571428572,0.6085714285714285,geneve,L2LR,zscores_VBM_ROI,Neuromorphometrics,N763
450,0.7115384615384616,0.6717032967032968,Baltimore,L2LR,zscores_VBM_ROI,Neuromorphometrics,N763
450,0.6157407407407407,0.5925925925925926,Boston,L2LR,zscores_VBM_ROI,Neuromorphometrics,N763
450,0.5714285714285714,0.5916149068322981,Dallas,L2LR,zscores_VBM_ROI,Neuromorphometrics,N763
450,0.6825396825396826,0.7857142857142857,Detroit,L2LR,zscores_VBM_ROI,Neuromorphometrics,N763
450,0.6658653846153847,0.625,Hartford,L2LR,zscores_VBM_ROI,Neuromorphometrics,N763
450,0.7335526315789473,0.6177631578947369,mannheim,L2LR,zscores_VBM_ROI,Neuromorphometrics,N763
450,0.7554179566563467,0.71671826625387,creteil,L2LR,zscores_VBM_ROI,Neuromorphometrics,N763
450,0.7194444444444446,0.6333333333333333,udine,L2LR,zscores_VBM_ROI,Neuromorphometrics,N763
450,0.5098039215686275,0.5686274509803921,galway,L2LR,zscores_VBM_ROI,Neuromorphometrics,N763
450,0.725563909774436,0.6557017543859649,pittsburgh,L2LR,zscores_VBM_ROI,Neuromorphometrics,N763
450,0.5120772946859904,0.49275362318840576,grenoble,L2LR,zscores_VBM_ROI,Neuromorphometrics,N763
450,0.6457142857142857,0.6064285714285714,geneve,L2LR,zscores_VBM_ROI,Neuromorphometrics,N763
500,0.7486263736263736,0.5906593406593407,Baltimore,L2LR,zscores_VBM_ROI,Neuromorphometrics,N763
500,0.6496913580246914,0.5740740740740741,Boston,L2LR,zscores_VBM_ROI,Neuromorphometrics,N763
500,0.5445134575569358,0.5243271221532091,Dallas,L2LR,zscores_VBM_ROI,Neuromorphometrics,N763
500,0.5714285714285714,0.4880952380952381,Detroit,L2LR,zscores_VBM_ROI,Neuromorphometrics,N763
500,0.6690705128205128,0.5793269230769231,Hartford,L2LR,zscores_VBM_ROI,Neuromorphometrics,N763
500,0.7625000000000001,0.6815789473684211,mannheim,L2LR,zscores_VBM_ROI,Neuromorphometrics,N763
500,0.7205882352941178,0.6377708978328174,creteil,L2LR,zscores_VBM_ROI,Neuromorphometrics,N763
500,0.7345679012345678,0.6583333333333333,udine,L2LR,zscores_VBM_ROI,Neuromorphometrics,N763
500,0.47058823529411775,0.48039215686274506,galway,L2LR,zscores_VBM_ROI,Neuromorphometrics,N763
500,0.6823308270676691,0.6557017543859649,pittsburgh,L2LR,zscores_VBM_ROI,Neuromorphometrics,N763
500,0.5169082125603865,0.4830917874396135,grenoble,L2LR,zscores_VBM_ROI,Neuromorphometrics,N763
500,0.6257142857142857,0.6221428571428571,geneve,L2LR,zscores_VBM_ROI,Neuromorphometrics,N763
600,0.7245879120879121,0.6291208791208791,Baltimore,L2LR,zscores_VBM_ROI,Neuromorphometrics,N763
600,0.7484567901234568,0.6319444444444444,Boston,L2LR,zscores_VBM_ROI,Neuromorphometrics,N763
600,0.6097308488612837,0.522256728778468,Dallas,L2LR,zscores_VBM_ROI,Neuromorphometrics,N763
600,0.3968253968253968,0.5119047619047619,Detroit,L2LR,zscores_VBM_ROI,Neuromorphometrics,N763
600,0.6266025641025641,0.5496794871794872,Hartford,L2LR,zscores_VBM_ROI,Neuromorphometrics,N763
600,0.7493421052631579,0.694078947368421,mannheim,L2LR,zscores_VBM_ROI,Neuromorphometrics,N763
600,0.7213622291021673,0.6625386996904025,creteil,L2LR,zscores_VBM_ROI,Neuromorphometrics,N763
600,0.7117283950617284,0.611111111111111,udine,L2LR,zscores_VBM_ROI,Neuromorphometrics,N763
600,0.7254901960784315,0.4509803921568627,galway,L2LR,zscores_VBM_ROI,Neuromorphometrics,N763
600,0.6647869674185464,0.6036967418546366,pittsburgh,L2LR,zscores_VBM_ROI,Neuromorphometrics,N763
600,0.4782608695652174,0.5483091787439613,grenoble,L2LR,zscores_VBM_ROI,Neuromorphometrics,N763
600,0.6914285714285714,0.6821428571428572,geneve,L2LR,zscores_VBM_ROI,Neuromorphometrics,N763
700,0.7506868131868132,0.6552197802197802,Baltimore,L2LR,zscores_VBM_ROI,Neuromorphometrics,N763
700,0.6574074074074073,0.537037037037037,Boston,L2LR,zscores_VBM_ROI,Neuromorphometrics,N763
700,0.6242236024844721,0.5460662525879918,Dallas,L2LR,zscores_VBM_ROI,Neuromorphometrics,N763
700,0.5873015873015874,0.4880952380952381,Detroit,L2LR,zscores_VBM_ROI,Neuromorphometrics,N763
700,0.6298076923076923,0.5336538461538461,Hartford,L2LR,zscores_VBM_ROI,Neuromorphometrics,N763
700,0.7605263157894736,0.7072368421052632,mannheim,L2LR,zscores_VBM_ROI,Neuromorphometrics,N763
700,0.726780185758514,0.6393188854489165,creteil,L2LR,zscores_VBM_ROI,Neuromorphometrics,N763
700,0.6660493827160494,0.5916666666666667,udine,L2LR,zscores_VBM_ROI,Neuromorphometrics,N763
700,0.6666666666666667,0.48039215686274506,galway,L2LR,zscores_VBM_ROI,Neuromorphometrics,N763
700,0.6472431077694236,0.6569548872180451,pittsburgh,L2LR,zscores_VBM_ROI,Neuromorphometrics,N763
700,0.5217391304347826,0.49275362318840576,grenoble,L2LR,zscores_VBM_ROI,Neuromorphometrics,N763
700,0.6614285714285715,0.6128571428571429,geneve,L2LR,zscores_VBM_ROI,Neuromorphometrics,N763
75,0.6023351648351648,0.5535714285714286,Baltimore,EN,zscores_VBM_ROI,Neuromorphometrics,N763
75,0.6435185185185185,0.6296296296296295,Boston,EN,zscores_VBM_ROI,Neuromorphometrics,N763
75,0.6977225672877846,0.6475155279503106,Dallas,EN,zscores_VBM_ROI,Neuromorphometrics,N763
75,0.8015873015873016,0.6547619047619048,Detroit,EN,zscores_VBM_ROI,Neuromorphometrics,N763
75,0.5600961538461539,0.5641025641025641,Hartford,EN,zscores_VBM_ROI,Neuromorphometrics,N763
75,0.6664473684210526,0.6368421052631579,mannheim,EN,zscores_VBM_ROI,Neuromorphometrics,N763
75,0.5843653250773994,0.49922600619195046,creteil,EN,zscores_VBM_ROI,Neuromorphometrics,N763
75,0.7219135802469135,0.5972222222222222,udine,EN,zscores_VBM_ROI,Neuromorphometrics,N763
75,0.6470588235294118,0.4117647058823529,galway,EN,zscores_VBM_ROI,Neuromorphometrics,N763
75,0.6572681704260652,0.6459899749373434,pittsburgh,EN,zscores_VBM_ROI,Neuromorphometrics,N763
75,0.714975845410628,0.5917874396135265,grenoble,EN,zscores_VBM_ROI,Neuromorphometrics,N763
75,0.5642857142857143,0.5571428571428572,geneve,EN,zscores_VBM_ROI,Neuromorphometrics,N763
150,0.6833791208791209,0.592032967032967,Baltimore,EN,zscores_VBM_ROI,Neuromorphometrics,N763
150,0.625,0.6041666666666666,Boston,EN,zscores_VBM_ROI,Neuromorphometrics,N763
150,0.6821946169772257,0.5874741200828157,Dallas,EN,zscores_VBM_ROI,Neuromorphometrics,N763
150,0.746031746031746,0.5952380952380952,Detroit,EN,zscores_VBM_ROI,Neuromorphometrics,N763
150,0.608974358974359,0.6057692307692308,Hartford,EN,zscores_VBM_ROI,Neuromorphometrics,N763
150,0.6697368421052632,0.625,mannheim,EN,zscores_VBM_ROI,Neuromorphometrics,N763
150,0.596749226006192,0.5201238390092879,creteil,EN,zscores_VBM_ROI,Neuromorphometrics,N763
150,0.8302469135802469,0.7277777777777777,udine,EN,zscores_VBM_ROI,Neuromorphometrics,N763
150,0.6470588235294119,0.5,galway,EN,zscores_VBM_ROI,Neuromorphometrics,N763
150,0.6553884711779447,0.6287593984962406,pittsburgh,EN,zscores_VBM_ROI,Neuromorphometrics,N763
150,0.5458937198067633,0.47101449275362317,grenoble,EN,zscores_VBM_ROI,Neuromorphometrics,N763
150,0.6342857142857143,0.5414285714285715,geneve,EN,zscores_VBM_ROI,Neuromorphometrics,N763
200,0.6517857142857143,0.6016483516483516,Baltimore,EN,zscores_VBM_ROI,Neuromorphometrics,N763
200,0.6203703703703703,0.6087962962962963,Boston,EN,zscores_VBM_ROI,Neuromorphometrics,N763
200,0.7028985507246377,0.6516563146997929,Dallas,EN,zscores_VBM_ROI,Neuromorphometrics,N763
200,0.873015873015873,0.7261904761904763,Detroit,EN,zscores_VBM_ROI,Neuromorphometrics,N763
200,0.6306089743589743,0.5913461538461539,Hartford,EN,zscores_VBM_ROI,Neuromorphometrics,N763
200,0.6361842105263158,0.6177631578947369,mannheim,EN,zscores_VBM_ROI,Neuromorphometrics,N763
200,0.6408668730650156,0.5921052631578947,creteil,EN,zscores_VBM_ROI,Neuromorphometrics,N763
200,0.7679012345679013,0.6333333333333333,udine,EN,zscores_VBM_ROI,Neuromorphometrics,N763
200,0.6274509803921569,0.5980392156862745,galway,EN,zscores_VBM_ROI,Neuromorphometrics,N763
200,0.6303258145363407,0.5855263157894737,pittsburgh,EN,zscores_VBM_ROI,Neuromorphometrics,N763
200,0.642512077294686,0.606280193236715,grenoble,EN,zscores_VBM_ROI,Neuromorphometrics,N763
200,0.7257142857142858,0.6621428571428571,geneve,EN,zscores_VBM_ROI,Neuromorphometrics,N763
300,0.5885989010989011,0.5398351648351648,Baltimore,EN,zscores_VBM_ROI,Neuromorphometrics,N763
300,0.6496913580246914,0.6319444444444444,Boston,EN,zscores_VBM_ROI,Neuromorphometrics,N763
300,0.6521739130434783,0.5962732919254659,Dallas,EN,zscores_VBM_ROI,Neuromorphometrics,N763
300,0.8888888888888888,0.7738095238095238,Detroit,EN,zscores_VBM_ROI,Neuromorphometrics,N763
300,0.594551282051282,0.5600961538461539,Hartford,EN,zscores_VBM_ROI,Neuromorphometrics,N763
300,0.656578947368421,0.6414473684210527,mannheim,EN,zscores_VBM_ROI,Neuromorphometrics,N763
300,0.6656346749226006,0.618421052631579,creteil,EN,zscores_VBM_ROI,Neuromorphometrics,N763
300,0.7777777777777777,0.7027777777777777,udine,EN,zscores_VBM_ROI,Neuromorphometrics,N763
300,0.803921568627451,0.7352941176470589,galway,EN,zscores_VBM_ROI,Neuromorphometrics,N763
300,0.6560150375939849,0.638157894736842,pittsburgh,EN,zscores_VBM_ROI,Neuromorphometrics,N763
300,0.6811594202898551,0.5845410628019324,grenoble,EN,zscores_VBM_ROI,Neuromorphometrics,N763
300,0.6885714285714286,0.64,geneve,EN,zscores_VBM_ROI,Neuromorphometrics,N763
400,0.6236263736263736,0.6181318681318682,Baltimore,EN,zscores_VBM_ROI,Neuromorphometrics,N763
400,0.6867283950617283,0.6689814814814815,Boston,EN,zscores_VBM_ROI,Neuromorphometrics,N763
400,0.6863354037267081,0.6174948240165632,Dallas,EN,zscores_VBM_ROI,Neuromorphometrics,N763
400,0.8174603174603174,0.7261904761904763,Detroit,EN,zscores_VBM_ROI,Neuromorphometrics,N763
400,0.6338141025641026,0.5584935897435898,Hartford,EN,zscores_VBM_ROI,Neuromorphometrics,N763
400,0.6157894736842106,0.6019736842105263,mannheim,EN,zscores_VBM_ROI,Neuromorphometrics,N763
400,0.684984520123839,0.6215170278637772,creteil,EN,zscores_VBM_ROI,Neuromorphometrics,N763
400,0.7811728395061728,0.6972222222222222,udine,EN,zscores_VBM_ROI,Neuromorphometrics,N763
400,0.6666666666666667,0.7647058823529411,galway,EN,zscores_VBM_ROI,Neuromorphometrics,N763
400,0.6885964912280702,0.6466165413533835,pittsburgh,EN,zscores_VBM_ROI,Neuromorphometrics,N763
400,0.6763285024154589,0.6618357487922705,grenoble,EN,zscores_VBM_ROI,Neuromorphometrics,N763
400,0.6557142857142857,0.6307142857142857,geneve,EN,zscores_VBM_ROI,Neuromorphometrics,N763
450,0.6826923076923077,0.679945054945055,Baltimore,EN,zscores_VBM_ROI,Neuromorphometrics,N763
450,0.683641975308642,0.6643518518518519,Boston,EN,zscores_VBM_ROI,Neuromorphometrics,N763
450,0.7060041407867496,0.6511387163561076,Dallas,EN,zscores_VBM_ROI,Neuromorphometrics,N763
450,0.8253968253968255,0.7261904761904763,Detroit,EN,zscores_VBM_ROI,Neuromorphometrics,N763
450,0.6201923076923077,0.5408653846153846,Hartford,EN,zscores_VBM_ROI,Neuromorphometrics,N763
450,0.6756578947368421,0.5776315789473685,mannheim,EN,zscores_VBM_ROI,Neuromorphometrics,N763
450,0.6880804953560371,0.6524767801857585,creteil,EN,zscores_VBM_ROI,Neuromorphometrics,N763
450,0.7811728395061728,0.6972222222222222,udine,EN,zscores_VBM_ROI,Neuromorphometrics,N763
450,0.6862745098039217,0.6568627450980392,galway,EN,zscores_VBM_ROI,Neuromorphometrics,N763
450,0.6516290726817042,0.656328320802005,pittsburgh,EN,zscores_VBM_ROI,Neuromorphometrics,N763
450,0.5990338164251208,0.5483091787439613,grenoble,EN,zscores_VBM_ROI,Neuromorphometrics,N763
450,0.6614285714285714,0.6685714285714286,geneve,EN,zscores_VBM_ROI,Neuromorphometrics,N763
500,0.6847527472527473,0.5824175824175823,Baltimore,EN,zscores_VBM_ROI,Neuromorphometrics,N763
500,0.6774691358024691,0.6666666666666666,Boston,EN,zscores_VBM_ROI,Neuromorphometrics,N763
500,0.6987577639751552,0.6413043478260869,Dallas,EN,zscores_VBM_ROI,Neuromorphometrics,N763
500,0.7857142857142858,0.6785714285714286,Detroit,EN,zscores_VBM_ROI,Neuromorphometrics,N763
500,0.6650641025641026,0.608974358974359,Hartford,EN,zscores_VBM_ROI,Neuromorphometrics,N763
500,0.6894736842105263,0.6309210526315789,mannheim,EN,zscores_VBM_ROI,Neuromorphometrics,N763
500,0.6795665634674922,0.6540247678018576,creteil,EN,zscores_VBM_ROI,Neuromorphometrics,N763
500,0.7487654320987654,0.6805555555555556,udine,EN,zscores_VBM_ROI,Neuromorphometrics,N763
500,0.7254901960784315,0.8235294117647058,galway,EN,zscores_VBM_ROI,Neuromorphometrics,N763
500,0.6892230576441103,0.656328320802005,pittsburgh,EN,zscores_VBM_ROI,Neuromorphometrics,N763
500,0.6376811594202899,0.538647342995169,grenoble,EN,zscores_VBM_ROI,Neuromorphometrics,N763
500,0.6914285714285715,0.6664285714285715,geneve,EN,zscores_VBM_ROI,Neuromorphometrics,N763
600,0.7101648351648352,0.646978021978022,Baltimore,EN,zscores_VBM_ROI,Neuromorphometrics,N763
600,0.7021604938271605,0.7083333333333333,Boston,EN,zscores_VBM_ROI,Neuromorphometrics,N763
600,0.6780538302277433,0.6594202898550725,Dallas,EN,zscores_VBM_ROI,Neuromorphometrics,N763
600,0.7539682539682541,0.7261904761904763,Detroit,EN,zscores_VBM_ROI,Neuromorphometrics,N763
600,0.6618589743589743,0.5809294871794872,Hartford,EN,zscores_VBM_ROI,Neuromorphometrics,N763
600,0.7046052631578947,0.5927631578947368,mannheim,EN,zscores_VBM_ROI,Neuromorphometrics,N763
600,0.6787925696594428,0.6509287925696594,creteil,EN,zscores_VBM_ROI,Neuromorphometrics,N763
600,0.808641975308642,0.6861111111111111,udine,EN,zscores_VBM_ROI,Neuromorphometrics,N763
600,0.7254901960784315,0.8235294117647058,galway,EN,zscores_VBM_ROI,Neuromorphometrics,N763
600,0.7199248120300752,0.7180451127819549,pittsburgh,EN,zscores_VBM_ROI,Neuromorphometrics,N763
600,0.6231884057971014,0.5048309178743962,grenoble,EN,zscores_VBM_ROI,Neuromorphometrics,N763
600,0.66,0.6485714285714286,geneve,EN,zscores_VBM_ROI,Neuromorphometrics,N763
700,0.6923076923076923,0.6456043956043955,Baltimore,EN,zscores_VBM_ROI,Neuromorphometrics,N763
700,0.6898148148148148,0.6736111111111112,Boston,EN,zscores_VBM_ROI,Neuromorphometrics,N763
700,0.7132505175983437,0.6614906832298137,Dallas,EN,zscores_VBM_ROI,Neuromorphometrics,N763
700,0.7698412698412699,0.75,Detroit,EN,zscores_VBM_ROI,Neuromorphometrics,N763
700,0.6706730769230769,0.5825320512820513,Hartford,EN,zscores_VBM_ROI,Neuromorphometrics,N763
700,0.7078947368421052,0.6440789473684211,mannheim,EN,zscores_VBM_ROI,Neuromorphometrics,N763
700,0.6826625386996904,0.6408668730650156,creteil,EN,zscores_VBM_ROI,Neuromorphometrics,N763
700,0.7845679012345679,0.6722222222222223,udine,EN,zscores_VBM_ROI,Neuromorphometrics,N763
700,0.7058823529411765,0.7352941176470589,galway,EN,zscores_VBM_ROI,Neuromorphometrics,N763
700,0.7387218045112781,0.6914160401002506,pittsburgh,EN,zscores_VBM_ROI,Neuromorphometrics,N763
700,0.6763285024154588,0.538647342995169,grenoble,EN,zscores_VBM_ROI,Neuromorphometrics,N763
700,0.6928571428571428,0.64,geneve,EN,zscores_VBM_ROI,Neuromorphometrics,N763
75,0.554945054945055,0.5755494505494505,Baltimore,svm,zscores_VBM_ROI,Neuromorphometrics,N763
75,0.6774691358024691,0.6273148148148149,Boston,svm,zscores_VBM_ROI,Neuromorphometrics,N763
75,0.6159420289855073,0.6609730848861284,Dallas,svm,zscores_VBM_ROI,Neuromorphometrics,N763
75,0.9682539682539683,0.7380952380952381,Detroit,svm,zscores_VBM_ROI,Neuromorphometrics,N763
75,0.5729166666666666,0.6081730769230769,Hartford,svm,zscores_VBM_ROI,Neuromorphometrics,N763
75,0.5197368421052632,0.5072368421052631,mannheim,svm,zscores_VBM_ROI,Neuromorphometrics,N763
75,0.4914860681114551,0.48684210526315785,creteil,svm,zscores_VBM_ROI,Neuromorphometrics,N763
75,0.7037037037037037,0.5972222222222222,udine,svm,zscores_VBM_ROI,Neuromorphometrics,N763
75,0.7647058823529411,0.8529411764705883,galway,svm,zscores_VBM_ROI,Neuromorphometrics,N763
75,0.6641604010025063,0.6109022556390977,pittsburgh,svm,zscores_VBM_ROI,Neuromorphometrics,N763
75,0.6666666666666667,0.6473429951690821,grenoble,svm,zscores_VBM_ROI,Neuromorphometrics,N763
75,0.6385714285714286,0.5,geneve,svm,zscores_VBM_ROI,Neuromorphometrics,N763
150,0.6119505494505495,0.6043956043956044,Baltimore,svm,zscores_VBM_ROI,Neuromorphometrics,N763
150,0.6651234567901234,0.6435185185185186,Boston,svm,zscores_VBM_ROI,Neuromorphometrics,N763
150,0.6314699792960663,0.6273291925465838,Dallas,svm,zscores_VBM_ROI,Neuromorphometrics,N763
150,0.8412698412698413,0.7142857142857143,Detroit,svm,zscores_VBM_ROI,Neuromorphometrics,N763
150,0.5777243589743589,0.5064102564102564,Hartford,svm,zscores_VBM_ROI,Neuromorphometrics,N763
150,0.5868421052631578,0.5335526315789474,mannheim,svm,zscores_VBM_ROI,Neuromorphometrics,N763
150,0.5069659442724458,0.5116099071207431,creteil,svm,zscores_VBM_ROI,Neuromorphometrics,N763
150,0.7524691358024691,0.7444444444444445,udine,svm,zscores_VBM_ROI,Neuromorphometrics,N763
150,0.7254901960784315,0.6274509803921569,galway,svm,zscores_VBM_ROI,Neuromorphometrics,N763
150,0.6992481203007519,0.637218045112782,pittsburgh,svm,zscores_VBM_ROI,Neuromorphometrics,N763
150,0.6763285024154589,0.6256038647342995,grenoble,svm,zscores_VBM_ROI,Neuromorphometrics,N763
150,0.6385714285714286,0.6128571428571429,geneve,svm,zscores_VBM_ROI,Neuromorphometrics,N763
200,0.7115384615384615,0.6552197802197802,Baltimore,svm,zscores_VBM_ROI,Neuromorphometrics,N763
200,0.5802469135802469,0.5949074074074074,Boston,svm,zscores_VBM_ROI,Neuromorphometrics,N763
200,0.6511387163561078,0.6061076604554865,Dallas,svm,zscores_VBM_ROI,Neuromorphometrics,N763
200,0.9365079365079365,0.7976190476190477,Detroit,svm,zscores_VBM_ROI,Neuromorphometrics,N763
200,0.6161858974358975,0.5841346153846154,Hartford,svm,zscores_VBM_ROI,Neuromorphometrics,N763
200,0.6203947368421053,0.6039473684210527,mannheim,svm,zscores_VBM_ROI,Neuromorphometrics,N763
200,0.6346749226006192,0.531733746130031,creteil,svm,zscores_VBM_ROI,Neuromorphometrics,N763
200,0.7317901234567901,0.6472222222222221,udine,svm,zscores_VBM_ROI,Neuromorphometrics,N763
200,0.7843137254901962,0.7058823529411764,galway,svm,zscores_VBM_ROI,Neuromorphometrics,N763
200,0.6278195488721804,0.6215538847117794,pittsburgh,svm,zscores_VBM_ROI,Neuromorphometrics,N763
200,0.6038647342995169,0.6400966183574879,grenoble,svm,zscores_VBM_ROI,Neuromorphometrics,N763
200,0.6471428571428572,0.62,geneve,svm,zscores_VBM_ROI,Neuromorphometrics,N763
300,0.6524725274725274,0.6648351648351649,Baltimore,svm,zscores_VBM_ROI,Neuromorphometrics,N763
300,0.5617283950617283,0.537037037037037,Boston,svm,zscores_VBM_ROI,Neuromorphometrics,N763
300,0.6169772256728778,0.584368530020704,Dallas,svm,zscores_VBM_ROI,Neuromorphometrics,N763
300,0.9682539682539683,0.9523809523809523,Detroit,svm,zscores_VBM_ROI,Neuromorphometrics,N763
300,0.6522435897435896,0.561698717948718,Hartford,svm,zscores_VBM_ROI,Neuromorphometrics,N763
300,0.6210526315789473,0.5776315789473685,mannheim,svm,zscores_VBM_ROI,Neuromorphometrics,N763
300,0.6269349845201238,0.5464396284829721,creteil,svm,zscores_VBM_ROI,Neuromorphometrics,N763
300,0.7435185185185186,0.7361111111111112,udine,svm,zscores_VBM_ROI,Neuromorphometrics,N763
300,0.7843137254901962,0.6764705882352942,galway,svm,zscores_VBM_ROI,Neuromorphometrics,N763
300,0.6459899749373434,0.6121553884711779,pittsburgh,svm,zscores_VBM_ROI,Neuromorphometrics,N763
300,0.5748792270531401,0.6400966183574879,grenoble,svm,zscores_VBM_ROI,Neuromorphometrics,N763
300,0.64,0.6242857142857143,geneve,svm,zscores_VBM_ROI,Neuromorphometrics,N763
400,0.7184065934065934,0.7074175824175823,Baltimore,svm,zscores_VBM_ROI,Neuromorphometrics,N763
400,0.7037037037037037,0.7106481481481481,Boston,svm,zscores_VBM_ROI,Neuromorphometrics,N763
400,0.6687370600414079,0.6495859213250518,Dallas,svm,zscores_VBM_ROI,Neuromorphometrics,N763
400,0.9365079365079365,0.7976190476190477,Detroit,svm,zscores_VBM_ROI,Neuromorphometrics,N763
400,0.6378205128205128,0.5913461538461539,Hartford,svm,zscores_VBM_ROI,Neuromorphometrics,N763
400,0.6493421052631579,0.5789473684210527,mannheim,svm,zscores_VBM_ROI,Neuromorphometrics,N763
400,0.6764705882352942,0.5727554179566563,creteil,svm,zscores_VBM_ROI,Neuromorphometrics,N763
400,0.7145061728395062,0.6805555555555556,udine,svm,zscores_VBM_ROI,Neuromorphometrics,N763
400,0.803921568627451,0.7058823529411764,galway,svm,zscores_VBM_ROI,Neuromorphometrics,N763
400,0.6892230576441103,0.6124686716791979,pittsburgh,svm,zscores_VBM_ROI,Neuromorphometrics,N763
400,0.5893719806763285,0.6618357487922705,grenoble,svm,zscores_VBM_ROI,Neuromorphometrics,N763
400,0.6614285714285715,0.6064285714285714,geneve,svm,zscores_VBM_ROI,Neuromorphometrics,N763
450,0.7060439560439561,0.7252747252747254,Baltimore,svm,zscores_VBM_ROI,Neuromorphometrics,N763
450,0.7006172839506173,0.7268518518518519,Boston,svm,zscores_VBM_ROI,Neuromorphometrics,N763
450,0.7184265010351967,0.6713250517598344,Dallas,svm,zscores_VBM_ROI,Neuromorphometrics,N763
450,0.9285714285714286,0.8214285714285714,Detroit,svm,zscores_VBM_ROI,Neuromorphometrics,N763
450,0.5889423076923077,0.5721153846153846,Hartford,svm,zscores_VBM_ROI,Neuromorphometrics,N763
450,0.6578947368421054,0.5802631578947368,mannheim,svm,zscores_VBM_ROI,Neuromorphometrics,N763
450,0.6865325077399381,0.6215170278637772,creteil,svm,zscores_VBM_ROI,Neuromorphometrics,N763
450,0.7342592592592593,0.7,udine,svm,zscores_VBM_ROI,Neuromorphometrics,N763
450,0.803921568627451,0.7352941176470589,galway,svm,zscores_VBM_ROI,Neuromorphometrics,N763
450,0.6453634085213034,0.6300125313283208,pittsburgh,svm,zscores_VBM_ROI,Neuromorphometrics,N763
450,0.5893719806763285,0.6280193236714976,grenoble,svm,zscores_VBM_ROI,Neuromorphometrics,N763
450,0.64,0.6264285714285714,geneve,svm,zscores_VBM_ROI,Neuromorphometrics,N763
500,0.657967032967033,0.6813186813186813,Baltimore,svm,zscores_VBM_ROI,Neuromorphometrics,N763
500,0.7283950617283951,0.7268518518518519,Boston,svm,zscores_VBM_ROI,Neuromorphometrics,N763
500,0.7422360248447205,0.6573498964803313,Dallas,svm,zscores_VBM_ROI,Neuromorphometrics,N763
500,0.8968253968253967,0.7738095238095238,Detroit,svm,zscores_VBM_ROI,Neuromorphometrics,N763
500,0.6306089743589743,0.5408653846153846,Hartford,svm,zscores_VBM_ROI,Neuromorphometrics,N763
500,0.6657894736842106,0.5927631578947368,mannheim,svm,zscores_VBM_ROI,Neuromorphometrics,N763
500,0.6795665634674923,0.6346749226006192,creteil,svm,zscores_VBM_ROI,Neuromorphometrics,N763
500,0.7262345679012345,0.663888888888889,udine,svm,zscores_VBM_ROI,Neuromorphometrics,N763
500,0.8235294117647058,0.7058823529411764,galway,svm,zscores_VBM_ROI,Neuromorphometrics,N763
500,0.6810776942355891,0.656328320802005,pittsburgh,svm,zscores_VBM_ROI,Neuromorphometrics,N763
500,0.5942028985507246,0.572463768115942,grenoble,svm,zscores_VBM_ROI,Neuromorphometrics,N763
500,0.6614285714285715,0.6242857142857143,geneve,svm,zscores_VBM_ROI,Neuromorphometrics,N763
600,0.698489010989011,0.6442307692307692,Baltimore,svm,zscores_VBM_ROI,Neuromorphometrics,N763
600,0.6373456790123456,0.650462962962963,Boston,svm,zscores_VBM_ROI,Neuromorphometrics,N763
600,0.6977225672877847,0.6159420289855072,Dallas,svm,zscores_VBM_ROI,Neuromorphometrics,N763
600,0.880952380952381,0.7738095238095238,Detroit,svm,zscores_VBM_ROI,Neuromorphometrics,N763
600,0.5825320512820512,0.5793269230769231,Hartford,svm,zscores_VBM_ROI,Neuromorphometrics,N763
600,0.6881578947368421,0.6065789473684211,mannheim,svm,zscores_VBM_ROI,Neuromorphometrics,N763
600,0.7159442724458204,0.6609907120743035,creteil,svm,zscores_VBM_ROI,Neuromorphometrics,N763
600,0.6901234567901234,0.6,udine,svm,zscores_VBM_ROI,Neuromorphometrics,N763
600,0.8235294117647058,0.7058823529411764,galway,svm,zscores_VBM_ROI,Neuromorphometrics,N763
600,0.6961152882205514,0.6741854636591478,pittsburgh,svm,zscores_VBM_ROI,Neuromorphometrics,N763
600,0.5845410628019323,0.5507246376811594,grenoble,svm,zscores_VBM_ROI,Neuromorphometrics,N763
600,0.6642857142857143,0.66,geneve,svm,zscores_VBM_ROI,Neuromorphometrics,N763
700,0.6929945054945055,0.6634615384615384,Baltimore,svm,zscores_VBM_ROI,Neuromorphometrics,N763
700,0.6481481481481481,0.6712962962962963,Boston,svm,zscores_VBM_ROI,Neuromorphometrics,N763
700,0.7070393374741201,0.6516563146997929,Dallas,svm,zscores_VBM_ROI,Neuromorphometrics,N763
700,0.8968253968253967,0.8214285714285714,Detroit,svm,zscores_VBM_ROI,Neuromorphometrics,N763
700,0.5721153846153847,0.561698717948718,Hartford,svm,zscores_VBM_ROI,Neuromorphometrics,N763
700,0.6835526315789474,0.6190789473684211,mannheim,svm,zscores_VBM_ROI,Neuromorphometrics,N763
700,0.7043343653250774,0.6741486068111455,creteil,svm,zscores_VBM_ROI,Neuromorphometrics,N763
700,0.7299382716049382,0.6472222222222223,udine,svm,zscores_VBM_ROI,Neuromorphometrics,N763
700,0.803921568627451,0.7058823529411764,galway,svm,zscores_VBM_ROI,Neuromorphometrics,N763
700,0.7098997493734337,0.6738721804511278,pittsburgh,svm,zscores_VBM_ROI,Neuromorphometrics,N763
700,0.6135265700483091,0.6400966183574879,grenoble,svm,zscores_VBM_ROI,Neuromorphometrics,N763
700,0.6657142857142857,0.64,geneve,svm,zscores_VBM_ROI,Neuromorphometrics,N763
75,0.543956043956044,0.4945054945054945,Baltimore,MLP,zscores_VBM_ROI,Neuromorphometrics,N763
75,0.7160493827160495,0.6296296296296295,Boston,MLP,zscores_VBM_ROI,Neuromorphometrics,N763
75,0.7494824016563146,0.6909937888198758,Dallas,MLP,zscores_VBM_ROI,Neuromorphometrics,N763
75,0.9523809523809523,0.7380952380952381,Detroit,MLP,zscores_VBM_ROI,Neuromorphometrics,N763
75,0.6209935897435898,0.5969551282051282,Hartford,MLP,zscores_VBM_ROI,Neuromorphometrics,N763
75,0.6138157894736842,0.5381578947368422,mannheim,MLP,zscores_VBM_ROI,Neuromorphometrics,N763
75,0.5526315789473684,0.48684210526315785,creteil,MLP,zscores_VBM_ROI,Neuromorphometrics,N763
75,0.6888888888888888,0.6611111111111111,udine,MLP,zscores_VBM_ROI,Neuromorphometrics,N763
75,0.7843137254901961,0.6274509803921569,galway,MLP,zscores_VBM_ROI,Neuromorphometrics,N763
75,0.6585213032581453,0.7180451127819549,pittsburgh,MLP,zscores_VBM_ROI,Neuromorphometrics,N763
75,0.6183574879227053,0.6159420289855072,grenoble,MLP,zscores_VBM_ROI,Neuromorphometrics,N763
75,0.6642857142857141,0.6064285714285714,geneve,MLP,zscores_VBM_ROI,Neuromorphometrics,N763
150,0.4787087912087912,0.4739010989010989,Baltimore,MLP,zscores_VBM_ROI,Neuromorphometrics,N763
150,0.6790123456790123,0.5902777777777778,Boston,MLP,zscores_VBM_ROI,Neuromorphometrics,N763
150,0.7308488612836439,0.6609730848861284,Dallas,MLP,zscores_VBM_ROI,Neuromorphometrics,N763
150,0.8015873015873016,0.7380952380952381,Detroit,MLP,zscores_VBM_ROI,Neuromorphometrics,N763
150,0.5721153846153846,0.5376602564102564,Hartford,MLP,zscores_VBM_ROI,Neuromorphometrics,N763
150,0.6052631578947368,0.5743421052631579,mannheim,MLP,zscores_VBM_ROI,Neuromorphometrics,N763
150,0.5278637770897834,0.45433436532507737,creteil,MLP,zscores_VBM_ROI,Neuromorphometrics,N763
150,0.4978395061728395,0.5722222222222222,udine,MLP,zscores_VBM_ROI,Neuromorphometrics,N763
150,0.7058823529411765,0.6274509803921569,galway,MLP,zscores_VBM_ROI,Neuromorphometrics,N763
150,0.6610275689223057,0.6033834586466165,pittsburgh,MLP,zscores_VBM_ROI,Neuromorphometrics,N763
150,0.5942028985507246,0.5700483091787439,grenoble,MLP,zscores_VBM_ROI,Neuromorphometrics,N763
150,0.617142857142857,0.6264285714285714,geneve,MLP,zscores_VBM_ROI,Neuromorphometrics,N763
200,0.651098901098901,0.6552197802197802,Baltimore,MLP,zscores_VBM_ROI,Neuromorphometrics,N763
200,0.7083333333333334,0.6412037037037037,Boston,MLP,zscores_VBM_ROI,Neuromorphometrics,N763
200,0.5952380952380952,0.5745341614906833,Dallas,MLP,zscores_VBM_ROI,Neuromorphometrics,N763
200,0.7142857142857143,0.6190476190476191,Detroit,MLP,zscores_VBM_ROI,Neuromorphometrics,N763
200,0.5753205128205128,0.5544871794871795,Hartford,MLP,zscores_VBM_ROI,Neuromorphometrics,N763
200,0.7078947368421052,0.6296052631578948,mannheim,MLP,zscores_VBM_ROI,Neuromorphometrics,N763
200,0.6756965944272446,0.6842105263157895,creteil,MLP,zscores_VBM_ROI,Neuromorphometrics,N763
200,0.6580246913580247,0.5694444444444444,udine,MLP,zscores_VBM_ROI,Neuromorphometrics,N763
200,0.7843137254901961,0.7352941176470589,galway,MLP,zscores_VBM_ROI,Neuromorphometrics,N763
200,0.6027568922305765,0.6040100250626566,pittsburgh,MLP,zscores_VBM_ROI,Neuromorphometrics,N763
200,0.6038647342995169,0.5966183574879227,grenoble,MLP,zscores_VBM_ROI,Neuromorphometrics,N763
200,0.6342857142857142,0.6,geneve,MLP,zscores_VBM_ROI,Neuromorphometrics,N763
300,0.6291208791208791,0.646978021978022,Baltimore,MLP,zscores_VBM_ROI,Neuromorphometrics,N763
300,0.638888888888889,0.5925925925925926,Boston,MLP,zscores_VBM_ROI,Neuromorphometrics,N763
300,0.6314699792960663,0.5548654244306418,Dallas,MLP,zscores_VBM_ROI,Neuromorphometrics,N763
300,0.8492063492063493,0.8214285714285714,Detroit,MLP,zscores_VBM_ROI,Neuromorphometrics,N763
300,0.5953525641025641,0.592948717948718,Hartford,MLP,zscores_VBM_ROI,Neuromorphometrics,N763
300,0.7059210526315789,0.5927631578947368,mannheim,MLP,zscores_VBM_ROI,Neuromorphometrics,N763
300,0.6919504643962848,0.6726006191950464,creteil,MLP,zscores_VBM_ROI,Neuromorphometrics,N763
300,0.6623456790123456,0.6305555555555555,udine,MLP,zscores_VBM_ROI,Neuromorphometrics,N763
300,0.6862745098039216,0.7352941176470589,galway,MLP,zscores_VBM_ROI,Neuromorphometrics,N763
300,0.6447368421052632,0.6218671679197996,pittsburgh,MLP,zscores_VBM_ROI,Neuromorphometrics,N763
300,0.570048309178744,0.5966183574879227,grenoble,MLP,zscores_VBM_ROI,Neuromorphometrics,N763
300,0.6571428571428571,0.5621428571428572,geneve,MLP,zscores_VBM_ROI,Neuromorphometrics,N763
400,0.7561813186813187,0.7101648351648351,Baltimore,MLP,zscores_VBM_ROI,Neuromorphometrics,N763
400,0.6728395061728394,0.6550925925925926,Boston,MLP,zscores_VBM_ROI,Neuromorphometrics,N763
400,0.6335403726708075,0.5429606625258799,Dallas,MLP,zscores_VBM_ROI,Neuromorphometrics,N763
400,0.9285714285714286,0.8333333333333333,Detroit,MLP,zscores_VBM_ROI,Neuromorphometrics,N763
400,0.6233974358974359,0.6017628205128205,Hartford,MLP,zscores_VBM_ROI,Neuromorphometrics,N763
400,0.6776315789473685,0.555921052631579,mannheim,MLP,zscores_VBM_ROI,Neuromorphometrics,N763
400,0.7205882352941176,0.6563467492260062,creteil,MLP,zscores_VBM_ROI,Neuromorphometrics,N763
400,0.6820987654320988,0.625,udine,MLP,zscores_VBM_ROI,Neuromorphometrics,N763
400,0.803921568627451,0.7352941176470589,galway,MLP,zscores_VBM_ROI,Neuromorphometrics,N763
400,0.6666666666666666,0.6036967418546366,pittsburgh,MLP,zscores_VBM_ROI,Neuromorphometrics,N763
400,0.5942028985507246,0.572463768115942,grenoble,MLP,zscores_VBM_ROI,Neuromorphometrics,N763
400,0.7571428571428571,0.6664285714285715,geneve,MLP,zscores_VBM_ROI,Neuromorphometrics,N763
450,0.6133241758241758,0.5906593406593407,Baltimore,MLP,zscores_VBM_ROI,Neuromorphometrics,N763
450,0.6836419753086419,0.5925925925925926,Boston,MLP,zscores_VBM_ROI,Neuromorphometrics,N763
450,0.8467908902691511,0.7329192546583851,Dallas,MLP,zscores_VBM_ROI,Neuromorphometrics,N763
450,0.761904761904762,0.75,Detroit,MLP,zscores_VBM_ROI,Neuromorphometrics,N763
450,0.6121794871794872,0.5737179487179487,Hartford,MLP,zscores_VBM_ROI,Neuromorphometrics,N763
450,0.6592105263157896,0.6072368421052632,mannheim,MLP,zscores_VBM_ROI,Neuromorphometrics,N763
450,0.7097523219814241,0.6904024767801857,creteil,MLP,zscores_VBM_ROI,Neuromorphometrics,N763
450,0.7765432098765431,0.7527777777777778,udine,MLP,zscores_VBM_ROI,Neuromorphometrics,N763
450,0.8235294117647058,0.8235294117647058,galway,MLP,zscores_VBM_ROI,Neuromorphometrics,N763
450,0.6973684210526315,0.6303258145363408,pittsburgh,MLP,zscores_VBM_ROI,Neuromorphometrics,N763
450,0.6859903381642511,0.6038647342995169,grenoble,MLP,zscores_VBM_ROI,Neuromorphometrics,N763
450,0.6928571428571428,0.6128571428571429,geneve,MLP,zscores_VBM_ROI,Neuromorphometrics,N763
500,0.6490384615384616,0.6414835164835164,Baltimore,MLP,zscores_VBM_ROI,Neuromorphometrics,N763
500,0.6496913580246914,0.6157407407407407,Boston,MLP,zscores_VBM_ROI,Neuromorphometrics,N763
500,0.6118012422360248,0.5445134575569358,Dallas,MLP,zscores_VBM_ROI,Neuromorphometrics,N763
500,0.8492063492063493,0.7976190476190477,Detroit,MLP,zscores_VBM_ROI,Neuromorphometrics,N763
500,0.6762820512820513,0.6858974358974359,Hartford,MLP,zscores_VBM_ROI,Neuromorphometrics,N763
500,0.6671052631578948,0.6197368421052631,mannheim,MLP,zscores_VBM_ROI,Neuromorphometrics,N763
500,0.7151702786377709,0.6625386996904025,creteil,MLP,zscores_VBM_ROI,Neuromorphometrics,N763
500,0.7037037037037037,0.7277777777777779,udine,MLP,zscores_VBM_ROI,Neuromorphometrics,N763
500,0.9215686274509803,0.7647058823529411,galway,MLP,zscores_VBM_ROI,Neuromorphometrics,N763
500,0.5964912280701755,0.5676691729323309,pittsburgh,MLP,zscores_VBM_ROI,Neuromorphometrics,N763
500,0.6811594202898551,0.5821256038647343,grenoble,MLP,zscores_VBM_ROI,Neuromorphometrics,N763
500,0.6057142857142856,0.6799999999999999,geneve,MLP,zscores_VBM_ROI,Neuromorphometrics,N763
600,0.6771978021978022,0.6195054945054945,Baltimore,MLP,zscores_VBM_ROI,Neuromorphometrics,N763
600,0.6944444444444444,0.6689814814814815,Boston,MLP,zscores_VBM_ROI,Neuromorphometrics,N763
600,0.6128364389233955,0.5962732919254659,Dallas,MLP,zscores_VBM_ROI,Neuromorphometrics,N763
600,0.8174603174603176,0.8214285714285714,Detroit,MLP,zscores_VBM_ROI,Neuromorphometrics,N763
600,0.5969551282051282,0.5985576923076923,Hartford,MLP,zscores_VBM_ROI,Neuromorphometrics,N763
600,0.7236842105263158,0.6092105263157894,mannheim,MLP,zscores_VBM_ROI,Neuromorphometrics,N763
600,0.7476780185758514,0.7020123839009288,creteil,MLP,zscores_VBM_ROI,Neuromorphometrics,N763
600,0.6583333333333333,0.6527777777777778,udine,MLP,zscores_VBM_ROI,Neuromorphometrics,N763
600,0.7647058823529412,0.7647058823529411,galway,MLP,zscores_VBM_ROI,Neuromorphometrics,N763
600,0.68796992481203,0.6209273182957393,pittsburgh,MLP,zscores_VBM_ROI,Neuromorphometrics,N763
600,0.5942028985507246,0.5289855072463768,grenoble,MLP,zscores_VBM_ROI,Neuromorphometrics,N763
600,0.6685714285714285,0.6242857142857143,geneve,MLP,zscores_VBM_ROI,Neuromorphometrics,N763
700,0.7561813186813187,0.6964285714285714,Baltimore,MLP,zscores_VBM_ROI,Neuromorphometrics,N763
700,0.70679012345679,0.6689814814814815,Boston,MLP,zscores_VBM_ROI,Neuromorphometrics,N763
700,0.7432712215320911,0.6894409937888198,Dallas,MLP,zscores_VBM_ROI,Neuromorphometrics,N763
700,0.6904761904761905,0.6666666666666666,Detroit,MLP,zscores_VBM_ROI,Neuromorphometrics,N763
700,0.6001602564102564,0.5689102564102564,Hartford,MLP,zscores_VBM_ROI,Neuromorphometrics,N763
700,0.6440789473684211,0.5664473684210527,mannheim,MLP,zscores_VBM_ROI,Neuromorphometrics,N763
700,0.7352941176470589,0.706656346749226,creteil,MLP,zscores_VBM_ROI,Neuromorphometrics,N763
700,0.6595679012345679,0.6027777777777777,udine,MLP,zscores_VBM_ROI,Neuromorphometrics,N763
700,0.7647058823529411,0.7058823529411764,galway,MLP,zscores_VBM_ROI,Neuromorphometrics,N763
700,0.6334586466165413,0.6209273182957393,pittsburgh,MLP,zscores_VBM_ROI,Neuromorphometrics,N763
700,0.6086956521739131,0.5845410628019324,grenoble,MLP,zscores_VBM_ROI,Neuromorphometrics,N763
700,0.6714285714285714,0.62,geneve,MLP,zscores_VBM_ROI,Neuromorphometrics,N763
75,0.5336538461538463,0.5054945054945055,Baltimore,xgboost,zscores_VBM_ROI,Neuromorphometrics,N763
75,0.625,0.4861111111111111,Boston,xgboost,zscores_VBM_ROI,Neuromorphometrics,N763
75,0.6112836438923396,0.6118012422360248,Dallas,xgboost,zscores_VBM_ROI,Neuromorphometrics,N763
75,0.8333333333333334,0.8333333333333333,Detroit,xgboost,zscores_VBM_ROI,Neuromorphometrics,N763
75,0.5653044871794871,0.6041666666666667,Hartford,xgboost,zscores_VBM_ROI,Neuromorphometrics,N763
75,0.6019736842105263,0.6006578947368422,mannheim,xgboost,zscores_VBM_ROI,Neuromorphometrics,N763
75,0.5789473684210525,0.5657894736842105,creteil,xgboost,zscores_VBM_ROI,Neuromorphometrics,N763
75,0.6787037037037037,0.6138888888888889,udine,xgboost,zscores_VBM_ROI,Neuromorphometrics,N763
75,0.8235294117647058,0.7450980392156863,galway,xgboost,zscores_VBM_ROI,Neuromorphometrics,N763
75,0.6253132832080199,0.6287593984962406,pittsburgh,xgboost,zscores_VBM_ROI,Neuromorphometrics,N763
75,0.5797101449275363,0.5603864734299517,grenoble,xgboost,zscores_VBM_ROI,Neuromorphometrics,N763
75,0.6828571428571428,0.6621428571428571,geneve,xgboost,zscores_VBM_ROI,Neuromorphometrics,N763
150,0.5638736263736264,0.570054945054945,Baltimore,xgboost,zscores_VBM_ROI,Neuromorphometrics,N763
150,0.58179012345679,0.6273148148148149,Boston,xgboost,zscores_VBM_ROI,Neuromorphometrics,N763
150,0.6268115942028986,0.568840579710145,Dallas,xgboost,zscores_VBM_ROI,Neuromorphometrics,N763
150,0.8809523809523809,0.7261904761904763,Detroit,xgboost,zscores_VBM_ROI,Neuromorphometrics,N763
150,0.5641025641025641,0.5184294871794872,Hartford,xgboost,zscores_VBM_ROI,Neuromorphometrics,N763
150,0.5513157894736842,0.49868421052631584,mannheim,xgboost,zscores_VBM_ROI,Neuromorphometrics,N763
150,0.5727554179566563,0.5286377708978328,creteil,xgboost,zscores_VBM_ROI,Neuromorphometrics,N763
150,0.6347222222222222,0.6388888888888888,udine,xgboost,zscores_VBM_ROI,Neuromorphometrics,N763
150,0.8627450980392157,0.7647058823529411,galway,xgboost,zscores_VBM_ROI,Neuromorphometrics,N763
150,0.6441102756892231,0.6118421052631579,pittsburgh,xgboost,zscores_VBM_ROI,Neuromorphometrics,N763
150,0.6570048309178744,0.6183574879227053,grenoble,xgboost,zscores_VBM_ROI,Neuromorphometrics,N763
150,0.6642857142857143,0.6221428571428571,geneve,xgboost,zscores_VBM_ROI,Neuromorphometrics,N763
200,0.6407967032967034,0.5851648351648351,Baltimore,xgboost,zscores_VBM_ROI,Neuromorphometrics,N763
200,0.613425925925926,0.5462962962962963,Boston,xgboost,zscores_VBM_ROI,Neuromorphometrics,N763
200,0.5921325051759835,0.59472049689441,Dallas,xgboost,zscores_VBM_ROI,Neuromorphometrics,N763
200,0.865079365079365,0.75,Detroit,xgboost,zscores_VBM_ROI,Neuromorphometrics,N763
200,0.5504807692307693,0.563301282051282,Hartford,xgboost,zscores_VBM_ROI,Neuromorphometrics,N763
200,0.6046052631578948,0.5421052631578948,mannheim,xgboost,zscores_VBM_ROI,Neuromorphometrics,N763
200,0.6455108359133126,0.6238390092879257,creteil,xgboost,zscores_VBM_ROI,Neuromorphometrics,N763
200,0.6543209876543209,0.5972222222222222,udine,xgboost,zscores_VBM_ROI,Neuromorphometrics,N763
200,0.6274509803921569,0.6470588235294118,galway,xgboost,zscores_VBM_ROI,Neuromorphometrics,N763
200,0.6278195488721804,0.5958646616541353,pittsburgh,xgboost,zscores_VBM_ROI,Neuromorphometrics,N763
200,0.6521739130434783,0.6183574879227053,grenoble,xgboost,zscores_VBM_ROI,Neuromorphometrics,N763
200,0.6857142857142857,0.64,geneve,xgboost,zscores_VBM_ROI,Neuromorphometrics,N763
300,0.5453296703296703,0.5494505494505495,Baltimore,xgboost,zscores_VBM_ROI,Neuromorphometrics,N763
300,0.6651234567901234,0.6435185185185185,Boston,xgboost,zscores_VBM_ROI,Neuromorphometrics,N763
300,0.6076604554865424,0.5864389233954451,Dallas,xgboost,zscores_VBM_ROI,Neuromorphometrics,N763
300,0.8253968253968255,0.7976190476190477,Detroit,xgboost,zscores_VBM_ROI,Neuromorphometrics,N763
300,0.5689102564102564,0.5248397435897436,Hartford,xgboost,zscores_VBM_ROI,Neuromorphometrics,N763
300,0.6210526315789474,0.6085526315789473,mannheim,xgboost,zscores_VBM_ROI,Neuromorphometrics,N763
300,0.6617647058823529,0.5270897832817337,creteil,xgboost,zscores_VBM_ROI,Neuromorphometrics,N763
300,0.6864197530864197,0.6472222222222223,udine,xgboost,zscores_VBM_ROI,Neuromorphometrics,N763
300,0.6470588235294118,0.5392156862745098,galway,xgboost,zscores_VBM_ROI,Neuromorphometrics,N763
300,0.7149122807017544,0.5780075187969925,pittsburgh,xgboost,zscores_VBM_ROI,Neuromorphometrics,N763
300,0.5603864734299517,0.5748792270531401,grenoble,xgboost,zscores_VBM_ROI,Neuromorphometrics,N763
300,0.6814285714285714,0.66,geneve,xgboost,zscores_VBM_ROI,Neuromorphometrics,N763
400,0.6105769230769231,0.5755494505494505,Baltimore,xgboost,zscores_VBM_ROI,Neuromorphometrics,N763
400,0.6867283950617284,0.5601851851851851,Boston,xgboost,zscores_VBM_ROI,Neuromorphometrics,N763
400,0.6583850931677019,0.6200828157349896,Dallas,xgboost,zscores_VBM_ROI,Neuromorphometrics,N763
400,0.8174603174603174,0.75,Detroit,xgboost,zscores_VBM_ROI,Neuromorphometrics,N763
400,0.5729166666666666,0.5528846153846154,Hartford,xgboost,zscores_VBM_ROI,Neuromorphometrics,N763
400,0.6282894736842106,0.6453947368421052,mannheim,xgboost,zscores_VBM_ROI,Neuromorphometrics,N763
400,0.7020123839009288,0.6300309597523219,creteil,xgboost,zscores_VBM_ROI,Neuromorphometrics,N763
400,0.7067901234567902,0.6805555555555556,udine,xgboost,zscores_VBM_ROI,Neuromorphometrics,N763
400,0.5294117647058824,0.7352941176470589,galway,xgboost,zscores_VBM_ROI,Neuromorphometrics,N763
400,0.6591478696741854,0.5952380952380952,pittsburgh,xgboost,zscores_VBM_ROI,Neuromorphometrics,N763
400,0.5072463768115942,0.6183574879227053,grenoble,xgboost,zscores_VBM_ROI,Neuromorphometrics,N763
400,0.7042857142857142,0.66,geneve,xgboost,zscores_VBM_ROI,Neuromorphometrics,N763
450,0.6517857142857143,0.6195054945054945,Baltimore,xgboost,zscores_VBM_ROI,Neuromorphometrics,N763
450,0.5864197530864198,0.5601851851851851,Boston,xgboost,zscores_VBM_ROI,Neuromorphometrics,N763
450,0.7329192546583851,0.6516563146997929,Dallas,xgboost,zscores_VBM_ROI,Neuromorphometrics,N763
450,0.7777777777777779,0.7023809523809523,Detroit,xgboost,zscores_VBM_ROI,Neuromorphometrics,N763
450,0.6073717948717949,0.561698717948718,Hartford,xgboost,zscores_VBM_ROI,Neuromorphometrics,N763
450,0.7388157894736842,0.6861842105263157,mannheim,xgboost,zscores_VBM_ROI,Neuromorphometrics,N763
450,0.7105263157894737,0.6756965944272446,creteil,xgboost,zscores_VBM_ROI,Neuromorphometrics,N763
450,0.7441358024691358,0.7222222222222223,udine,xgboost,zscores_VBM_ROI,Neuromorphometrics,N763
450,0.6666666666666666,0.6764705882352942,galway,xgboost,zscores_VBM_ROI,Neuromorphometrics,N763
450,0.7048872180451128,0.6481829573934837,pittsburgh,xgboost,zscores_VBM_ROI,Neuromorphometrics,N763
450,0.6570048309178744,0.5845410628019324,grenoble,xgboost,zscores_VBM_ROI,Neuromorphometrics,N763
450,0.63,0.66,geneve,xgboost,zscores_VBM_ROI,Neuromorphometrics,N763
500,0.6098901098901098,0.6112637362637363,Baltimore,xgboost,zscores_VBM_ROI,Neuromorphometrics,N763
500,0.646604938271605,0.6134259259259259,Boston,xgboost,zscores_VBM_ROI,Neuromorphometrics,N763
500,0.6614906832298136,0.6159420289855072,Dallas,xgboost,zscores_VBM_ROI,Neuromorphometrics,N763
500,0.8095238095238095,0.6904761904761905,Detroit,xgboost,zscores_VBM_ROI,Neuromorphometrics,N763
500,0.5448717948717949,0.49198717948717946,Hartford,xgboost,zscores_VBM_ROI,Neuromorphometrics,N763
500,0.6842105263157895,0.6690789473684211,mannheim,xgboost,zscores_VBM_ROI,Neuromorphometrics,N763
500,0.7167182662538699,0.6462848297213623,creteil,xgboost,zscores_VBM_ROI,Neuromorphometrics,N763
500,0.7425925925925925,0.6944444444444444,udine,xgboost,zscores_VBM_ROI,Neuromorphometrics,N763
500,0.4901960784313726,0.5098039215686274,galway,xgboost,zscores_VBM_ROI,Neuromorphometrics,N763
500,0.7030075187969924,0.6036967418546366,pittsburgh,xgboost,zscores_VBM_ROI,Neuromorphometrics,N763
500,0.6811594202898551,0.6400966183574879,grenoble,xgboost,zscores_VBM_ROI,Neuromorphometrics,N763
500,0.6499999999999999,0.6799999999999999,geneve,xgboost,zscores_VBM_ROI,Neuromorphometrics,N763
600,0.625,0.6401098901098901,Baltimore,xgboost,zscores_VBM_ROI,Neuromorphometrics,N763
600,0.6790123456790123,0.6736111111111112,Boston,xgboost,zscores_VBM_ROI,Neuromorphometrics,N763
600,0.7608695652173914,0.6537267080745341,Dallas,xgboost,zscores_VBM_ROI,Neuromorphometrics,N763
600,0.7936507936507936,0.8214285714285714,Detroit,xgboost,zscores_VBM_ROI,Neuromorphometrics,N763
600,0.5969551282051282,0.561698717948718,Hartford,xgboost,zscores_VBM_ROI,Neuromorphometrics,N763
600,0.6651315789473685,0.6842105263157895,mannheim,xgboost,zscores_VBM_ROI,Neuromorphometrics,N763
600,0.6749226006191951,0.6640866873065016,creteil,xgboost,zscores_VBM_ROI,Neuromorphometrics,N763
600,0.6929012345679014,0.625,udine,xgboost,zscores_VBM_ROI,Neuromorphometrics,N763
600,0.5686274509803921,0.6176470588235294,galway,xgboost,zscores_VBM_ROI,Neuromorphometrics,N763
600,0.7268170426065164,0.6390977443609023,pittsburgh,xgboost,zscores_VBM_ROI,Neuromorphometrics,N763
600,0.7004830917874396,0.6956521739130435,grenoble,xgboost,zscores_VBM_ROI,Neuromorphometrics,N763
600,0.64,0.6421428571428571,geneve,xgboost,zscores_VBM_ROI,Neuromorphometrics,N763
700,0.7067307692307693,0.6304945054945055,Baltimore,xgboost,zscores_VBM_ROI,Neuromorphometrics,N763
700,0.6882716049382716,0.6365740740740741,Boston,xgboost,zscores_VBM_ROI,Neuromorphometrics,N763
700,0.670807453416149,0.6340579710144928,Dallas,xgboost,zscores_VBM_ROI,Neuromorphometrics,N763
700,0.8095238095238095,0.7142857142857142,Detroit,xgboost,zscores_VBM_ROI,Neuromorphometrics,N763
700,0.6290064102564102,0.5737179487179487,Hartford,xgboost,zscores_VBM_ROI,Neuromorphometrics,N763
700,0.7138157894736843,0.6585526315789474,mannheim,xgboost,zscores_VBM_ROI,Neuromorphometrics,N763
700,0.6996904024767803,0.6919504643962848,creteil,xgboost,zscores_VBM_ROI,Neuromorphometrics,N763
700,0.7203703703703704,0.6638888888888889,udine,xgboost,zscores_VBM_ROI,Neuromorphometrics,N763
700,0.4705882352941177,0.4509803921568627,galway,xgboost,zscores_VBM_ROI,Neuromorphometrics,N763
700,0.7167919799498746,0.6040100250626566,pittsburgh,xgboost,zscores_VBM_ROI,Neuromorphometrics,N763
700,0.5990338164251208,0.606280193236715,grenoble,xgboost,zscores_VBM_ROI,Neuromorphometrics,N763
700,0.6857142857142857,0.64,geneve,xgboost,zscores_VBM_ROI,Neuromorphometrics,N763
75,0.5418956043956044,0.5068681318681318,Baltimore,L2LR,zscores_SBM_ROI,Destrieux,N763
75,0.5679012345679012,0.5185185185185185,Boston,L2LR,zscores_SBM_ROI,Destrieux,N763
75,0.5227743271221532,0.5010351966873706,Dallas,L2LR,zscores_SBM_ROI,Destrieux,N763
75,0.8253968253968254,0.6428571428571428,Detroit,L2LR,zscores_SBM_ROI,Destrieux,N763
75,0.49278846153846156,0.53125,Hartford,L2LR,zscores_SBM_ROI,Destrieux,N763
75,0.6828947368421052,0.5572368421052631,mannheim,L2LR,zscores_SBM_ROI,Destrieux,N763
75,0.5967492260061918,0.5301857585139319,creteil,L2LR,zscores_SBM_ROI,Destrieux,N763
75,0.34351851851851856,0.4111111111111111,udine,L2LR,zscores_SBM_ROI,Destrieux,N763
75,0.9019607843137254,0.5588235294117647,galway,L2LR,zscores_SBM_ROI,Destrieux,N763
75,0.6484962406015038,0.6300125313283208,pittsburgh,L2LR,zscores_SBM_ROI,Destrieux,N763
75,0.5845410628019323,0.47342995169082125,grenoble,L2LR,zscores_SBM_ROI,Destrieux,N763
75,0.5742857142857143,0.52,geneve,L2LR,zscores_SBM_ROI,Destrieux,N763
150,0.5446428571428571,0.5357142857142857,Baltimore,L2LR,zscores_SBM_ROI,Destrieux,N763
150,0.6188271604938271,0.6087962962962963,Boston,L2LR,zscores_SBM_ROI,Destrieux,N763
150,0.4958592132505175,0.5522774327122153,Dallas,L2LR,zscores_SBM_ROI,Destrieux,N763
150,0.8174603174603174,0.6547619047619048,Detroit,L2LR,zscores_SBM_ROI,Destrieux,N763
150,0.375,0.39903846153846156,Hartford,L2LR,zscores_SBM_ROI,Destrieux,N763
150,0.5618421052631578,0.5289473684210526,mannheim,L2LR,zscores_SBM_ROI,Destrieux,N763
150,0.621517027863777,0.6114551083591331,creteil,L2LR,zscores_SBM_ROI,Destrieux,N763
150,0.38024691358024687,0.39444444444444443,udine,L2LR,zscores_SBM_ROI,Destrieux,N763
150,0.5686274509803921,0.4215686274509804,galway,L2LR,zscores_SBM_ROI,Destrieux,N763
150,0.581453634085213,0.5397869674185464,pittsburgh,L2LR,zscores_SBM_ROI,Destrieux,N763
150,0.5265700483091788,0.5048309178743962,grenoble,L2LR,zscores_SBM_ROI,Destrieux,N763
150,0.6042857142857143,0.56,geneve,L2LR,zscores_SBM_ROI,Destrieux,N763
200,0.6133241758241758,0.570054945054945,Baltimore,L2LR,zscores_SBM_ROI,Destrieux,N763
200,0.5925925925925926,0.5671296296296295,Boston,L2LR,zscores_SBM_ROI,Destrieux,N763
200,0.5362318840579711,0.4834368530020704,Dallas,L2LR,zscores_SBM_ROI,Destrieux,N763
200,0.7698412698412699,0.6547619047619048,Detroit,L2LR,zscores_SBM_ROI,Destrieux,N763
200,0.4222756410256411,0.41426282051282054,Hartford,L2LR,zscores_SBM_ROI,Destrieux,N763
200,0.7138157894736842,0.6197368421052631,mannheim,L2LR,zscores_SBM_ROI,Destrieux,N763
200,0.6176470588235294,0.5921052631578947,creteil,L2LR,zscores_SBM_ROI,Destrieux,N763
200,0.4858024691358025,0.45,udine,L2LR,zscores_SBM_ROI,Destrieux,N763
200,0.5686274509803922,0.5098039215686274,galway,L2LR,zscores_SBM_ROI,Destrieux,N763
200,0.5325814536340852,0.49530075187969924,pittsburgh,L2LR,zscores_SBM_ROI,Destrieux,N763
200,0.5265700483091788,0.41787439613526567,grenoble,L2LR,zscores_SBM_ROI,Destrieux,N763
200,0.4957142857142858,0.5042857142857143,geneve,L2LR,zscores_SBM_ROI,Destrieux,N763
300,0.639423076923077,0.5810439560439561,Baltimore,L2LR,zscores_SBM_ROI,Destrieux,N763
300,0.5725308641975309,0.5856481481481481,Boston,L2LR,zscores_SBM_ROI,Destrieux,N763
300,0.6066252587991718,0.6257763975155279,Dallas,L2LR,zscores_SBM_ROI,Destrieux,N763
300,0.7619047619047619,0.6190476190476191,Detroit,L2LR,zscores_SBM_ROI,Destrieux,N763
300,0.44871794871794873,0.46474358974358976,Hartford,L2LR,zscores_SBM_ROI,Destrieux,N763
300,0.6348684210526315,0.5664473684210527,mannheim,L2LR,zscores_SBM_ROI,Destrieux,N763
300,0.5224458204334365,0.5178018575851393,creteil,L2LR,zscores_SBM_ROI,Destrieux,N763
300,0.4351851851851852,0.4361111111111111,udine,L2LR,zscores_SBM_ROI,Destrieux,N763
300,0.23529411764705888,0.3431372549019608,galway,L2LR,zscores_SBM_ROI,Destrieux,N763
300,0.6867167919799498,0.6644736842105263,pittsburgh,L2LR,zscores_SBM_ROI,Destrieux,N763
300,0.5555555555555556,0.45169082125603865,grenoble,L2LR,zscores_SBM_ROI,Destrieux,N763
300,0.5514285714285714,0.5307142857142857,geneve,L2LR,zscores_SBM_ROI,Destrieux,N763
400,0.6421703296703297,0.5906593406593407,Baltimore,L2LR,zscores_SBM_ROI,Destrieux,N763
400,0.5570987654320987,0.5949074074074074,Boston,L2LR,zscores_SBM_ROI,Destrieux,N763
400,0.5662525879917184,0.5367494824016563,Dallas,L2LR,zscores_SBM_ROI,Destrieux,N763
400,0.6428571428571429,0.5952380952380952,Detroit,L2LR,zscores_SBM_ROI,Destrieux,N763
400,0.45432692307692313,0.44551282051282054,Hartford,L2LR,zscores_SBM_ROI,Destrieux,N763
400,0.5664473684210527,0.5388157894736842,mannheim,L2LR,zscores_SBM_ROI,Destrieux,N763
400,0.6416408668730651,0.5719814241486068,creteil,L2LR,zscores_SBM_ROI,Destrieux,N763
400,0.49290123456790125,0.5055555555555555,udine,L2LR,zscores_SBM_ROI,Destrieux,N763
400,0.3529411764705883,0.3431372549019608,galway,L2LR,zscores_SBM_ROI,Destrieux,N763
400,0.6453634085213033,0.5598370927318296,pittsburgh,L2LR,zscores_SBM_ROI,Destrieux,N763
400,0.6328502415458938,0.5072463768115942,grenoble,L2LR,zscores_SBM_ROI,Destrieux,N763
400,0.6499999999999999,0.5571428571428572,geneve,L2LR,zscores_SBM_ROI,Destrieux,N763
450,0.5899725274725275,0.5480769230769231,Baltimore,L2LR,zscores_SBM_ROI,Destrieux,N763
450,0.47530864197530864,0.45833333333333337,Boston,L2LR,zscores_SBM_ROI,Destrieux,N763
450,0.598343685300207,0.5584886128364389,Dallas,L2LR,zscores_SBM_ROI,Destrieux,N763
450,0.5873015873015873,0.5357142857142857,Detroit,L2LR,zscores_SBM_ROI,Destrieux,N763
450,0.420673076923077,0.4471153846153846,Hartford,L2LR,zscores_SBM_ROI,Destrieux,N763
450,0.6006578947368421,0.593421052631579,mannheim,L2LR,zscores_SBM_ROI,Destrieux,N763
450,0.7105263157894737,0.6300309597523219,creteil,L2LR,zscores_SBM_ROI,Destrieux,N763
450,0.4422839506172839,0.4472222222222222,udine,L2LR,zscores_SBM_ROI,Destrieux,N763
450,0.29411764705882354,0.19607843137254902,galway,L2LR,zscores_SBM_ROI,Destrieux,N763
450,0.6215538847117794,0.5595238095238095,pittsburgh,L2LR,zscores_SBM_ROI,Destrieux,N763
450,0.642512077294686,0.47342995169082125,grenoble,L2LR,zscores_SBM_ROI,Destrieux,N763
450,0.6514285714285715,0.5907142857142857,geneve,L2LR,zscores_SBM_ROI,Destrieux,N763
500,0.6366758241758242,0.5755494505494505,Baltimore,L2LR,zscores_SBM_ROI,Destrieux,N763
500,0.37962962962962965,0.41898148148148145,Boston,L2LR,zscores_SBM_ROI,Destrieux,N763
500,0.5310559006211181,0.5781573498964804,Dallas,L2LR,zscores_SBM_ROI,Destrieux,N763
500,0.634920634920635,0.4880952380952381,Detroit,L2LR,zscores_SBM_ROI,Destrieux,N763
500,0.4358974358974359,0.47676282051282054,Hartford,L2LR,zscores_SBM_ROI,Destrieux,N763
500,0.5868421052631579,0.5927631578947368,mannheim,L2LR,zscores_SBM_ROI,Destrieux,N763
500,0.6795665634674922,0.6377708978328174,creteil,L2LR,zscores_SBM_ROI,Destrieux,N763
500,0.3876543209876543,0.39166666666666666,udine,L2LR,zscores_SBM_ROI,Destrieux,N763
500,0.37254901960784315,0.28431372549019607,galway,L2LR,zscores_SBM_ROI,Destrieux,N763
500,0.6791979949874687,0.5676691729323309,pittsburgh,L2LR,zscores_SBM_ROI,Destrieux,N763
500,0.608695652173913,0.5048309178743962,grenoble,L2LR,zscores_SBM_ROI,Destrieux,N763
500,0.5914285714285714,0.5128571428571429,geneve,L2LR,zscores_SBM_ROI,Destrieux,N763
600,0.6085164835164835,0.554945054945055,Baltimore,L2LR,zscores_SBM_ROI,Destrieux,N763
600,0.4645061728395062,0.4722222222222222,Boston,L2LR,zscores_SBM_ROI,Destrieux,N763
600,0.6180124223602486,0.5900621118012422,Dallas,L2LR,zscores_SBM_ROI,Destrieux,N763
600,0.6428571428571428,0.4880952380952381,Detroit,L2LR,zscores_SBM_ROI,Destrieux,N763
600,0.4743589743589744,0.48717948717948717,Hartford,L2LR,zscores_SBM_ROI,Destrieux,N763
600,0.6065789473684211,0.593421052631579,mannheim,L2LR,zscores_SBM_ROI,Destrieux,N763
600,0.6671826625386996,0.6021671826625388,creteil,L2LR,zscores_SBM_ROI,Destrieux,N763
600,0.5040123456790123,0.4861111111111111,udine,L2LR,zscores_SBM_ROI,Destrieux,N763
600,0.37254901960784315,0.22549019607843135,galway,L2LR,zscores_SBM_ROI,Destrieux,N763
600,0.6854636591478697,0.5673558897243107,pittsburgh,L2LR,zscores_SBM_ROI,Destrieux,N763
600,0.642512077294686,0.572463768115942,grenoble,L2LR,zscores_SBM_ROI,Destrieux,N763
600,0.6257142857142857,0.5821428571428572,geneve,L2LR,zscores_SBM_ROI,Destrieux,N763
700,0.6298076923076923,0.5810439560439561,Baltimore,L2LR,zscores_SBM_ROI,Destrieux,N763
700,0.5524691358024691,0.5347222222222222,Boston,L2LR,zscores_SBM_ROI,Destrieux,N763
700,0.6314699792960663,0.6159420289855072,Dallas,L2LR,zscores_SBM_ROI,Destrieux,N763
700,0.6984126984126984,0.4880952380952381,Detroit,L2LR,zscores_SBM_ROI,Destrieux,N763
700,0.47035256410256415,0.49919871794871795,Hartford,L2LR,zscores_SBM_ROI,Destrieux,N763
700,0.5697368421052631,0.531578947368421,mannheim,L2LR,zscores_SBM_ROI,Destrieux,N763
700,0.6919504643962848,0.6679566563467492,creteil,L2LR,zscores_SBM_ROI,Destrieux,N763
700,0.4993827160493827,0.5,udine,L2LR,zscores_SBM_ROI,Destrieux,N763
700,0.35294117647058826,0.2549019607843137,galway,L2LR,zscores_SBM_ROI,Destrieux,N763
700,0.6610275689223057,0.6118421052631579,pittsburgh,L2LR,zscores_SBM_ROI,Destrieux,N763
700,0.5990338164251208,0.4855072463768116,grenoble,L2LR,zscores_SBM_ROI,Destrieux,N763
700,0.6128571428571429,0.5264285714285715,geneve,L2LR,zscores_SBM_ROI,Destrieux,N763
75,0.521978021978022,0.5,Baltimore,EN,zscores_SBM_ROI,Destrieux,N763
75,0.6111111111111112,0.5486111111111112,Boston,EN,zscores_SBM_ROI,Destrieux,N763
75,0.5538302277432713,0.4777432712215321,Dallas,EN,zscores_SBM_ROI,Destrieux,N763
75,0.9047619047619049,0.7023809523809523,Detroit,EN,zscores_SBM_ROI,Destrieux,N763
75,0.5104166666666667,0.5240384615384616,Hartford,EN,zscores_SBM_ROI,Destrieux,N763
75,0.6921052631578948,0.5322368421052632,mannheim,EN,zscores_SBM_ROI,Destrieux,N763
75,0.6145510835913313,0.6021671826625388,creteil,EN,zscores_SBM_ROI,Destrieux,N763
75,0.3438271604938271,0.4083333333333333,udine,EN,zscores_SBM_ROI,Destrieux,N763
75,0.8823529411764706,0.7058823529411764,galway,EN,zscores_SBM_ROI,Destrieux,N763
75,0.693609022556391,0.6306390977443609,pittsburgh,EN,zscores_SBM_ROI,Destrieux,N763
75,0.6086956521739131,0.5289855072463768,grenoble,EN,zscores_SBM_ROI,Destrieux,N763
75,0.57,0.5,geneve,EN,zscores_SBM_ROI,Destrieux,N763
150,0.6270604395604396,0.5576923076923077,Baltimore,EN,zscores_SBM_ROI,Destrieux,N763
150,0.6126543209876543,0.5254629629629629,Boston,EN,zscores_SBM_ROI,Destrieux,N763
150,0.5496894409937888,0.5600414078674948,Dallas,EN,zscores_SBM_ROI,Destrieux,N763
150,0.8095238095238095,0.6904761904761905,Detroit,EN,zscores_SBM_ROI,Destrieux,N763
150,0.4254807692307693,0.45993589743589747,Hartford,EN,zscores_SBM_ROI,Destrieux,N763
150,0.625,0.5460526315789473,mannheim,EN,zscores_SBM_ROI,Destrieux,N763
150,0.5866873065015481,0.5054179566563468,creteil,EN,zscores_SBM_ROI,Destrieux,N763
150,0.43580246913580245,0.4722222222222222,udine,EN,zscores_SBM_ROI,Destrieux,N763
150,0.8235294117647058,0.7058823529411764,galway,EN,zscores_SBM_ROI,Destrieux,N763
150,0.6835839598997494,0.5767543859649122,pittsburgh,EN,zscores_SBM_ROI,Destrieux,N763
150,0.45410628019323673,0.3647342995169082,grenoble,EN,zscores_SBM_ROI,Destrieux,N763
150,0.6014285714285714,0.56,geneve,EN,zscores_SBM_ROI,Destrieux,N763
200,0.5810439560439561,0.5082417582417582,Baltimore,EN,zscores_SBM_ROI,Destrieux,N763
200,0.6049382716049382,0.5069444444444444,Boston,EN,zscores_SBM_ROI,Destrieux,N763
200,0.6915113871635611,0.6278467908902692,Dallas,EN,zscores_SBM_ROI,Destrieux,N763
200,0.8174603174603174,0.6785714285714286,Detroit,EN,zscores_SBM_ROI,Destrieux,N763
200,0.53125,0.4623397435897436,Hartford,EN,zscores_SBM_ROI,Destrieux,N763
200,0.7414473684210525,0.6111842105263158,mannheim,EN,zscores_SBM_ROI,Destrieux,N763
200,0.6037151702786377,0.6122291021671826,creteil,EN,zscores_SBM_ROI,Destrieux,N763
200,0.6098765432098765,0.6166666666666667,udine,EN,zscores_SBM_ROI,Destrieux,N763
200,0.8823529411764706,0.5588235294117647,galway,EN,zscores_SBM_ROI,Destrieux,N763
200,0.6572681704260651,0.5780075187969925,pittsburgh,EN,zscores_SBM_ROI,Destrieux,N763
200,0.48309178743961356,0.5314009661835748,grenoble,EN,zscores_SBM_ROI,Destrieux,N763
200,0.5928571428571429,0.5242857142857142,geneve,EN,zscores_SBM_ROI,Destrieux,N763
300,0.5425824175824177,0.5178571428571428,Baltimore,EN,zscores_SBM_ROI,Destrieux,N763
300,0.6311728395061729,0.6134259259259259,Boston,EN,zscores_SBM_ROI,Destrieux,N763
300,0.5683229813664596,0.5605590062111802,Dallas,EN,zscores_SBM_ROI,Destrieux,N763
300,0.5476190476190477,0.47619047619047616,Detroit,EN,zscores_SBM_ROI,Destrieux,N763
300,0.4807692307692308,0.53125,Hartford,EN,zscores_SBM_ROI,Destrieux,N763
300,0.7078947368421052,0.6460526315789473,mannheim,EN,zscores_SBM_ROI,Destrieux,N763
300,0.6400928792569659,0.5743034055727554,creteil,EN,zscores_SBM_ROI,Destrieux,N763
300,0.6024691358024692,0.6,udine,EN,zscores_SBM_ROI,Destrieux,N763
300,0.7058823529411766,0.5294117647058824,galway,EN,zscores_SBM_ROI,Destrieux,N763
300,0.6791979949874687,0.5952380952380952,pittsburgh,EN,zscores_SBM_ROI,Destrieux,N763
300,0.5990338164251208,0.5652173913043478,grenoble,EN,zscores_SBM_ROI,Destrieux,N763
300,0.7271428571428571,0.5442857142857143,geneve,EN,zscores_SBM_ROI,Destrieux,N763
400,0.6064560439560439,0.5508241758241759,Baltimore,EN,zscores_SBM_ROI,Destrieux,N763
400,0.6450617283950617,0.4861111111111111,Boston,EN,zscores_SBM_ROI,Destrieux,N763
400,0.5838509316770186,0.5942028985507246,Dallas,EN,zscores_SBM_ROI,Destrieux,N763
400,0.8015873015873016,0.75,Detroit,EN,zscores_SBM_ROI,Destrieux,N763
400,0.4983974358974359,0.4799679487179487,Hartford,EN,zscores_SBM_ROI,Destrieux,N763
400,0.6835526315789473,0.5717105263157896,mannheim,EN,zscores_SBM_ROI,Destrieux,N763
400,0.631578947368421,0.6052631578947368,creteil,EN,zscores_SBM_ROI,Destrieux,N763
400,0.6225308641975309,0.6194444444444445,udine,EN,zscores_SBM_ROI,Destrieux,N763
400,0.4705882352941177,0.5588235294117647,galway,EN,zscores_SBM_ROI,Destrieux,N763
400,0.7218045112781954,0.587092731829574,pittsburgh,EN,zscores_SBM_ROI,Destrieux,N763
400,0.5845410628019323,0.5193236714975845,grenoble,EN,zscores_SBM_ROI,Destrieux,N763
400,0.7271428571428571,0.64,geneve,EN,zscores_SBM_ROI,Destrieux,N763
450,0.6092032967032968,0.5686813186813187,Baltimore,EN,zscores_SBM_ROI,Destrieux,N763
450,0.6604938271604939,0.5115740740740741,Boston,EN,zscores_SBM_ROI,Destrieux,N763
450,0.6014492753623188,0.5450310559006211,Dallas,EN,zscores_SBM_ROI,Destrieux,N763
450,0.7777777777777778,0.5952380952380952,Detroit,EN,zscores_SBM_ROI,Destrieux,N763
450,0.5176282051282052,0.5456730769230769,Hartford,EN,zscores_SBM_ROI,Destrieux,N763
450,0.675,0.5868421052631579,mannheim,EN,zscores_SBM_ROI,Destrieux,N763
450,0.7383900928792569,0.6284829721362228,creteil,EN,zscores_SBM_ROI,Destrieux,N763
450,0.6024691358024692,0.55,udine,EN,zscores_SBM_ROI,Destrieux,N763
450,0.39215686274509803,0.5294117647058824,galway,EN,zscores_SBM_ROI,Destrieux,N763
450,0.6679197994987468,0.5961779448621554,pittsburgh,EN,zscores_SBM_ROI,Destrieux,N763
450,0.6086956521739131,0.6183574879227053,grenoble,EN,zscores_SBM_ROI,Destrieux,N763
450,0.6914285714285714,0.62,geneve,EN,zscores_SBM_ROI,Destrieux,N763
500,0.6201923076923077,0.5521978021978022,Baltimore,EN,zscores_SBM_ROI,Destrieux,N763
500,0.6358024691358024,0.5324074074074074,Boston,EN,zscores_SBM_ROI,Destrieux,N763
500,0.5776397515527951,0.5646997929606625,Dallas,EN,zscores_SBM_ROI,Destrieux,N763
500,0.8015873015873016,0.6785714285714286,Detroit,EN,zscores_SBM_ROI,Destrieux,N763
500,0.5416666666666666,0.5216346153846154,Hartford,EN,zscores_SBM_ROI,Destrieux,N763
500,0.705921052631579,0.5861842105263158,mannheim,EN,zscores_SBM_ROI,Destrieux,N763
500,0.7020123839009288,0.6679566563467492,creteil,EN,zscores_SBM_ROI,Destrieux,N763
500,0.6438271604938272,0.6138888888888889,udine,EN,zscores_SBM_ROI,Destrieux,N763
500,0.4705882352941177,0.5588235294117647,galway,EN,zscores_SBM_ROI,Destrieux,N763
500,0.7023809523809523,0.5961779448621554,pittsburgh,EN,zscores_SBM_ROI,Destrieux,N763
500,0.6086956521739131,0.5531400966183575,grenoble,EN,zscores_SBM_ROI,Destrieux,N763
500,0.6614285714285714,0.62,geneve,EN,zscores_SBM_ROI,Destrieux,N763
600,0.6483516483516484,0.5425824175824175,Baltimore,EN,zscores_SBM_ROI,Destrieux,N763
600,0.46604938271604934,0.5,Boston,EN,zscores_SBM_ROI,Destrieux,N763
600,0.5548654244306418,0.5646997929606625,Dallas,EN,zscores_SBM_ROI,Destrieux,N763
600,0.746031746031746,0.7023809523809523,Detroit,EN,zscores_SBM_ROI,Destrieux,N763
600,0.5048076923076923,0.5264423076923077,Hartford,EN,zscores_SBM_ROI,Destrieux,N763
600,0.6875000000000001,0.6125,mannheim,EN,zscores_SBM_ROI,Destrieux,N763
600,0.7020123839009288,0.6679566563467492,creteil,EN,zscores_SBM_ROI,Destrieux,N763
600,0.6774691358024691,0.5833333333333333,udine,EN,zscores_SBM_ROI,Destrieux,N763
600,0.5294117647058825,0.5294117647058824,galway,EN,zscores_SBM_ROI,Destrieux,N763
600,0.6885964912280701,0.543233082706767,pittsburgh,EN,zscores_SBM_ROI,Destrieux,N763
600,0.6135265700483091,0.4975845410628019,grenoble,EN,zscores_SBM_ROI,Destrieux,N763
600,0.6699999999999999,0.64,geneve,EN,zscores_SBM_ROI,Destrieux,N763
700,0.610576923076923,0.5068681318681318,Baltimore,EN,zscores_SBM_ROI,Destrieux,N763
700,0.6929012345679012,0.5324074074074074,Boston,EN,zscores_SBM_ROI,Destrieux,N763
700,0.5507246376811594,0.5408902691511387,Dallas,EN,zscores_SBM_ROI,Destrieux,N763
700,0.8253968253968255,0.7023809523809523,Detroit,EN,zscores_SBM_ROI,Destrieux,N763
700,0.49118589743589747,0.4967948717948718,Hartford,EN,zscores_SBM_ROI,Destrieux,N763
700,0.6710526315789473,0.5736842105263158,mannheim,EN,zscores_SBM_ROI,Destrieux,N763
700,0.6849845201238389,0.6385448916408669,creteil,EN,zscores_SBM_ROI,Destrieux,N763
700,0.6743827160493827,0.6027777777777779,udine,EN,zscores_SBM_ROI,Destrieux,N763
700,0.7058823529411764,0.5294117647058824,galway,EN,zscores_SBM_ROI,Destrieux,N763
700,0.6685463659147869,0.5776942355889724,pittsburgh,EN,zscores_SBM_ROI,Destrieux,N763
700,0.6570048309178744,0.5652173913043478,grenoble,EN,zscores_SBM_ROI,Destrieux,N763
700,0.667142857142857,0.58,geneve,EN,zscores_SBM_ROI,Destrieux,N763
75,0.5412087912087912,0.4793956043956044,Baltimore,svm,zscores_SBM_ROI,Destrieux,N763
75,0.5648148148148148,0.4699074074074074,Boston,svm,zscores_SBM_ROI,Destrieux,N763
75,0.6314699792960663,0.6180124223602484,Dallas,svm,zscores_SBM_ROI,Destrieux,N763
75,0.7380952380952381,0.6071428571428572,Detroit,svm,zscores_SBM_ROI,Destrieux,N763
75,0.44230769230769235,0.39903846153846156,Hartford,svm,zscores_SBM_ROI,Destrieux,N763
75,0.6230263157894737,0.5348684210526315,mannheim,svm,zscores_SBM_ROI,Destrieux,N763
75,0.5170278637770898,0.4860681114551083,creteil,svm,zscores_SBM_ROI,Destrieux,N763
75,0.32746913580246917,0.45,udine,svm,zscores_SBM_ROI,Destrieux,N763
75,1.0,0.5294117647058824,galway,svm,zscores_SBM_ROI,Destrieux,N763
75,0.6672932330827067,0.587092731829574,pittsburgh,svm,zscores_SBM_ROI,Destrieux,N763
75,0.5265700483091788,0.5096618357487922,grenoble,svm,zscores_SBM_ROI,Destrieux,N763
75,0.5114285714285715,0.5,geneve,svm,zscores_SBM_ROI,Destrieux,N763
150,0.5576923076923077,0.5068681318681318,Baltimore,svm,zscores_SBM_ROI,Destrieux,N763
150,0.6558641975308642,0.6180555555555556,Boston,svm,zscores_SBM_ROI,Destrieux,N763
150,0.6086956521739131,0.6413043478260869,Dallas,svm,zscores_SBM_ROI,Destrieux,N763
150,0.6904761904761905,0.5476190476190476,Detroit,svm,zscores_SBM_ROI,Destrieux,N763
150,0.4214743589743589,0.4487179487179487,Hartford,svm,zscores_SBM_ROI,Destrieux,N763
150,0.6144736842105263,0.5348684210526315,mannheim,svm,zscores_SBM_ROI,Destrieux,N763
150,0.4806501547987616,0.44814241486068107,creteil,svm,zscores_SBM_ROI,Destrieux,N763
150,0.4333333333333333,0.5055555555555555,udine,svm,zscores_SBM_ROI,Destrieux,N763
150,0.8431372549019608,0.5588235294117647,galway,svm,zscores_SBM_ROI,Destrieux,N763
150,0.662280701754386,0.5,pittsburgh,svm,zscores_SBM_ROI,Destrieux,N763
150,0.4927536231884058,0.4758454106280193,grenoble,svm,zscores_SBM_ROI,Destrieux,N763
150,0.5457142857142857,0.5,geneve,svm,zscores_SBM_ROI,Destrieux,N763
200,0.598901098901099,0.5054945054945055,Baltimore,svm,zscores_SBM_ROI,Destrieux,N763
200,0.6589506172839507,0.599537037037037,Boston,svm,zscores_SBM_ROI,Destrieux,N763
200,0.5124223602484472,0.517080745341615,Dallas,svm,zscores_SBM_ROI,Destrieux,N763
200,0.6984126984126984,0.5952380952380952,Detroit,svm,zscores_SBM_ROI,Destrieux,N763
200,0.5040064102564102,0.5352564102564102,Hartford,svm,zscores_SBM_ROI,Destrieux,N763
200,0.6986842105263158,0.6125,mannheim,svm,zscores_SBM_ROI,Destrieux,N763
200,0.5843653250773994,0.5255417956656346,creteil,svm,zscores_SBM_ROI,Destrieux,N763
200,0.6271604938271605,0.5583333333333333,udine,svm,zscores_SBM_ROI,Destrieux,N763
200,0.7254901960784315,0.5,galway,svm,zscores_SBM_ROI,Destrieux,N763
200,0.6754385964912281,0.6130952380952381,pittsburgh,svm,zscores_SBM_ROI,Destrieux,N763
200,0.4879227053140097,0.4444444444444444,grenoble,svm,zscores_SBM_ROI,Destrieux,N763
200,0.6557142857142857,0.52,geneve,svm,zscores_SBM_ROI,Destrieux,N763
300,0.5192307692307693,0.5164835164835165,Baltimore,svm,zscores_SBM_ROI,Destrieux,N763
300,0.6358024691358024,0.5949074074074074,Boston,svm,zscores_SBM_ROI,Destrieux,N763
300,0.47308488612836436,0.4694616977225673,Dallas,svm,zscores_SBM_ROI,Destrieux,N763
300,0.6428571428571428,0.6309523809523809,Detroit,svm,zscores_SBM_ROI,Destrieux,N763
300,0.516826923076923,0.5128205128205129,Hartford,svm,zscores_SBM_ROI,Destrieux,N763
300,0.6763157894736842,0.611842105263158,mannheim,svm,zscores_SBM_ROI,Destrieux,N763
300,0.5897832817337461,0.5464396284829721,creteil,svm,zscores_SBM_ROI,Destrieux,N763
300,0.5969135802469135,0.5638888888888889,udine,svm,zscores_SBM_ROI,Destrieux,N763
300,0.5882352941176471,0.5,galway,svm,zscores_SBM_ROI,Destrieux,N763
300,0.694235588972431,0.6215538847117794,pittsburgh,svm,zscores_SBM_ROI,Destrieux,N763
300,0.5410628019323671,0.466183574879227,grenoble,svm,zscores_SBM_ROI,Destrieux,N763
300,0.6485714285714286,0.52,geneve,svm,zscores_SBM_ROI,Destrieux,N763
400,0.5611263736263736,0.5082417582417582,Baltimore,svm,zscores_SBM_ROI,Destrieux,N763
400,0.6358024691358024,0.5625,Boston,svm,zscores_SBM_ROI,Destrieux,N763
400,0.5165631469979296,0.5150103519668737,Dallas,svm,zscores_SBM_ROI,Destrieux,N763
400,0.6507936507936508,0.6547619047619048,Detroit,svm,zscores_SBM_ROI,Destrieux,N763
400,0.48717948717948717,0.5040064102564102,Hartford,svm,zscores_SBM_ROI,Destrieux,N763
400,0.6749999999999999,0.5993421052631579,mannheim,svm,zscores_SBM_ROI,Destrieux,N763
400,0.6431888544891641,0.5975232198142415,creteil,svm,zscores_SBM_ROI,Destrieux,N763
400,0.5126543209876543,0.5638888888888889,udine,svm,zscores_SBM_ROI,Destrieux,N763
400,0.7058823529411764,0.5,galway,svm,zscores_SBM_ROI,Destrieux,N763
400,0.6954887218045113,0.6043233082706767,pittsburgh,svm,zscores_SBM_ROI,Destrieux,N763
400,0.5845410628019324,0.5434782608695652,grenoble,svm,zscores_SBM_ROI,Destrieux,N763
400,0.6485714285714285,0.56,geneve,svm,zscores_SBM_ROI,Destrieux,N763
450,0.5721153846153846,0.49038461538461536,Baltimore,svm,zscores_SBM_ROI,Destrieux,N763
450,0.6342592592592592,0.5069444444444444,Boston,svm,zscores_SBM_ROI,Destrieux,N763
450,0.577639751552795,0.4834368530020704,Dallas,svm,zscores_SBM_ROI,Destrieux,N763
450,0.5555555555555556,0.6547619047619048,Detroit,svm,zscores_SBM_ROI,Destrieux,N763
450,0.4823717948717948,0.5544871794871795,Hartford,svm,zscores_SBM_ROI,Destrieux,N763
450,0.6526315789473683,0.5868421052631579,mannheim,svm,zscores_SBM_ROI,Destrieux,N763
450,0.6664086687306502,0.5843653250773994,creteil,svm,zscores_SBM_ROI,Destrieux,N763
450,0.6030864197530863,0.5777777777777777,udine,svm,zscores_SBM_ROI,Destrieux,N763
450,0.7058823529411765,0.5,galway,svm,zscores_SBM_ROI,Destrieux,N763
450,0.6823308270676691,0.5607769423558897,pittsburgh,svm,zscores_SBM_ROI,Destrieux,N763
450,0.6521739130434783,0.5434782608695652,grenoble,svm,zscores_SBM_ROI,Destrieux,N763
450,0.63,0.54,geneve,svm,zscores_SBM_ROI,Destrieux,N763
500,0.6346153846153847,0.49038461538461536,Baltimore,svm,zscores_SBM_ROI,Destrieux,N763
500,0.46141975308641975,0.4837962962962963,Boston,svm,zscores_SBM_ROI,Destrieux,N763
500,0.505175983436853,0.4736024844720497,Dallas,svm,zscores_SBM_ROI,Destrieux,N763
500,0.7063492063492064,0.7380952380952381,Detroit,svm,zscores_SBM_ROI,Destrieux,N763
500,0.5072115384615385,0.5544871794871795,Hartford,svm,zscores_SBM_ROI,Destrieux,N763
500,0.6361842105263158,0.5868421052631579,mannheim,svm,zscores_SBM_ROI,Destrieux,N763
500,0.7058823529411765,0.6153250773993808,creteil,svm,zscores_SBM_ROI,Destrieux,N763
500,0.5487654320987654,0.5222222222222221,udine,svm,zscores_SBM_ROI,Destrieux,N763
500,0.6862745098039216,0.5,galway,svm,zscores_SBM_ROI,Destrieux,N763
500,0.6911027568922306,0.5783208020050126,pittsburgh,svm,zscores_SBM_ROI,Destrieux,N763
500,0.5797101449275363,0.5217391304347826,grenoble,svm,zscores_SBM_ROI,Destrieux,N763
500,0.6357142857142858,0.56,geneve,svm,zscores_SBM_ROI,Destrieux,N763
600,0.6552197802197802,0.5604395604395604,Baltimore,svm,zscores_SBM_ROI,Destrieux,N763
600,0.566358024691358,0.5300925925925926,Boston,svm,zscores_SBM_ROI,Destrieux,N763
600,0.48757763975155277,0.4736024844720497,Dallas,svm,zscores_SBM_ROI,Destrieux,N763
600,0.5873015873015873,0.5238095238095238,Detroit,svm,zscores_SBM_ROI,Destrieux,N763
600,0.500801282051282,0.5528846153846154,Hartford,svm,zscores_SBM_ROI,Destrieux,N763
600,0.5953947368421053,0.6361842105263158,mannheim,svm,zscores_SBM_ROI,Destrieux,N763
600,0.6617647058823529,0.5565015479876161,creteil,svm,zscores_SBM_ROI,Destrieux,N763
600,0.5700617283950618,0.5444444444444445,udine,svm,zscores_SBM_ROI,Destrieux,N763
600,0.607843137254902,0.5,galway,svm,zscores_SBM_ROI,Destrieux,N763
600,0.6654135338345865,0.5964912280701754,pittsburgh,svm,zscores_SBM_ROI,Destrieux,N763
600,0.6328502415458938,0.5434782608695652,grenoble,svm,zscores_SBM_ROI,Destrieux,N763
600,0.6471428571428571,0.56,geneve,svm,zscores_SBM_ROI,Destrieux,N763
700,0.6483516483516483,0.5604395604395604,Baltimore,svm,zscores_SBM_ROI,Destrieux,N763
700,0.5694444444444444,0.5300925925925926,Boston,svm,zscores_SBM_ROI,Destrieux,N763
700,0.4958592132505176,0.4953416149068323,Dallas,svm,zscores_SBM_ROI,Destrieux,N763
700,0.5714285714285714,0.5476190476190476,Detroit,svm,zscores_SBM_ROI,Destrieux,N763
700,0.5112179487179488,0.5040064102564102,Hartford,svm,zscores_SBM_ROI,Destrieux,N763
700,0.6131578947368421,0.5743421052631579,mannheim,svm,zscores_SBM_ROI,Destrieux,N763
700,0.6741486068111455,0.5944272445820433,creteil,svm,zscores_SBM_ROI,Destrieux,N763
700,0.5003086419753087,0.4888888888888889,udine,svm,zscores_SBM_ROI,Destrieux,N763
700,0.803921568627451,0.5588235294117647,galway,svm,zscores_SBM_ROI,Destrieux,N763
700,0.6779448621553884,0.6052631578947368,pittsburgh,svm,zscores_SBM_ROI,Destrieux,N763
700,0.6859903381642511,0.5217391304347826,grenoble,svm,zscores_SBM_ROI,Destrieux,N763
700,0.6242857142857142,0.5242857142857142,geneve,svm,zscores_SBM_ROI,Destrieux,N763
75,0.6057692307692308,0.603021978021978,Baltimore,MLP,zscores_SBM_ROI,Destrieux,N763
75,0.6481481481481481,0.6342592592592593,Boston,MLP,zscores_SBM_ROI,Destrieux,N763
75,0.5289855072463767,0.5269151138716356,Dallas,MLP,zscores_SBM_ROI,Destrieux,N763
75,0.7063492063492065,0.6666666666666666,Detroit,MLP,zscores_SBM_ROI,Destrieux,N763
75,0.43509615384615385,0.48397435897435903,Hartford,MLP,zscores_SBM_ROI,Destrieux,N763
75,0.6223684210526316,0.5664473684210527,mannheim,MLP,zscores_SBM_ROI,Destrieux,N763
75,0.4868421052631579,0.4907120743034056,creteil,MLP,zscores_SBM_ROI,Destrieux,N763
75,0.2910493827160494,0.3861111111111111,udine,MLP,zscores_SBM_ROI,Destrieux,N763
75,0.8235294117647058,0.7058823529411764,galway,MLP,zscores_SBM_ROI,Destrieux,N763
75,0.6296992481203006,0.5773809523809523,pittsburgh,MLP,zscores_SBM_ROI,Destrieux,N763
75,0.4492753623188406,0.40821256038647347,grenoble,MLP,zscores_SBM_ROI,Destrieux,N763
75,0.5614285714285714,0.5221428571428571,geneve,MLP,zscores_SBM_ROI,Destrieux,N763
150,0.5989010989010989,0.5508241758241759,Baltimore,MLP,zscores_SBM_ROI,Destrieux,N763
150,0.6280864197530864,0.6342592592592593,Boston,MLP,zscores_SBM_ROI,Destrieux,N763
150,0.5217391304347826,0.5326086956521738,Dallas,MLP,zscores_SBM_ROI,Destrieux,N763
150,0.6825396825396826,0.6071428571428572,Detroit,MLP,zscores_SBM_ROI,Destrieux,N763
150,0.4535256410256411,0.49439102564102566,Hartford,MLP,zscores_SBM_ROI,Destrieux,N763
150,0.4842105263157894,0.4552631578947368,mannheim,MLP,zscores_SBM_ROI,Destrieux,N763
150,0.48219814241486064,0.4295665634674922,creteil,MLP,zscores_SBM_ROI,Destrieux,N763
150,0.3324074074074074,0.36666666666666664,udine,MLP,zscores_SBM_ROI,Destrieux,N763
150,0.5686274509803921,0.48039215686274506,galway,MLP,zscores_SBM_ROI,Destrieux,N763
150,0.5419799498746867,0.47869674185463656,pittsburgh,MLP,zscores_SBM_ROI,Destrieux,N763
150,0.5120772946859904,0.5652173913043478,grenoble,MLP,zscores_SBM_ROI,Destrieux,N763
150,0.6228571428571428,0.5907142857142857,geneve,MLP,zscores_SBM_ROI,Destrieux,N763
200,0.6298076923076923,0.5123626373626373,Baltimore,MLP,zscores_SBM_ROI,Destrieux,N763
200,0.6435185185185185,0.5046296296296297,Boston,MLP,zscores_SBM_ROI,Destrieux,N763
200,0.5890269151138716,0.6237060041407867,Dallas,MLP,zscores_SBM_ROI,Destrieux,N763
200,0.8015873015873016,0.7023809523809523,Detroit,MLP,zscores_SBM_ROI,Destrieux,N763
200,0.4567307692307692,0.46073717948717946,Hartford,MLP,zscores_SBM_ROI,Destrieux,N763
200,0.6269736842105263,0.6217105263157895,mannheim,MLP,zscores_SBM_ROI,Destrieux,N763
200,0.5634674922600619,0.5534055727554179,creteil,MLP,zscores_SBM_ROI,Destrieux,N763
200,0.579320987654321,0.5472222222222223,udine,MLP,zscores_SBM_ROI,Destrieux,N763
200,0.39215686274509803,0.5294117647058824,galway,MLP,zscores_SBM_ROI,Destrieux,N763
200,0.5808270676691729,0.5238095238095238,pittsburgh,MLP,zscores_SBM_ROI,Destrieux,N763
200,0.44927536231884063,0.321256038647343,grenoble,MLP,zscores_SBM_ROI,Destrieux,N763
200,0.6771428571428572,0.54,geneve,MLP,zscores_SBM_ROI,Destrieux,N763
300,0.5721153846153846,0.5508241758241759,Baltimore,MLP,zscores_SBM_ROI,Destrieux,N763
300,0.5833333333333333,0.5231481481481481,Boston,MLP,zscores_SBM_ROI,Destrieux,N763
300,0.5093167701863355,0.5108695652173914,Dallas,MLP,zscores_SBM_ROI,Destrieux,N763
300,0.626984126984127,0.5952380952380952,Detroit,MLP,zscores_SBM_ROI,Destrieux,N763
300,0.44150641025641024,0.4743589743589744,Hartford,MLP,zscores_SBM_ROI,Destrieux,N763
300,0.5960526315789474,0.5585526315789473,mannheim,MLP,zscores_SBM_ROI,Destrieux,N763
300,0.6284829721362228,0.5874613003095975,creteil,MLP,zscores_SBM_ROI,Destrieux,N763
300,0.5725308641975309,0.5416666666666666,udine,MLP,zscores_SBM_ROI,Destrieux,N763
300,0.5490196078431373,0.5294117647058824,galway,MLP,zscores_SBM_ROI,Destrieux,N763
300,0.5870927318295739,0.5686090225563909,pittsburgh,MLP,zscores_SBM_ROI,Destrieux,N763
300,0.6618357487922705,0.5652173913043478,grenoble,MLP,zscores_SBM_ROI,Destrieux,N763
300,0.6299999999999999,0.52,geneve,MLP,zscores_SBM_ROI,Destrieux,N763
400,0.588598901098901,0.532967032967033,Baltimore,MLP,zscores_SBM_ROI,Destrieux,N763
400,0.5756172839506173,0.5462962962962963,Boston,MLP,zscores_SBM_ROI,Destrieux,N763
400,0.5393374741200829,0.5227743271221532,Dallas,MLP,zscores_SBM_ROI,Destrieux,N763
400,0.7301587301587301,0.7023809523809523,Detroit,MLP,zscores_SBM_ROI,Destrieux,N763
400,0.4375,0.44471153846153844,Hartford,MLP,zscores_SBM_ROI,Destrieux,N763
400,0.5828947368421054,0.5618421052631579,mannheim,MLP,zscores_SBM_ROI,Destrieux,N763
400,0.5487616099071208,0.49613003095975233,creteil,MLP,zscores_SBM_ROI,Destrieux,N763
400,0.6429012345679013,0.5527777777777778,udine,MLP,zscores_SBM_ROI,Destrieux,N763
400,0.27450980392156865,0.5,galway,MLP,zscores_SBM_ROI,Destrieux,N763
400,0.5889724310776943,0.5698621553884712,pittsburgh,MLP,zscores_SBM_ROI,Destrieux,N763
400,0.681159420289855,0.6086956521739131,grenoble,MLP,zscores_SBM_ROI,Destrieux,N763
400,0.6685714285714286,0.6085714285714285,geneve,MLP,zscores_SBM_ROI,Destrieux,N763
450,0.6435439560439561,0.5590659340659341,Baltimore,MLP,zscores_SBM_ROI,Destrieux,N763
450,0.6651234567901234,0.5092592592592593,Boston,MLP,zscores_SBM_ROI,Destrieux,N763
450,0.5817805383022774,0.5331262939958592,Dallas,MLP,zscores_SBM_ROI,Destrieux,N763
450,0.626984126984127,0.5357142857142857,Detroit,MLP,zscores_SBM_ROI,Destrieux,N763
450,0.43910256410256415,0.4166666666666667,Hartford,MLP,zscores_SBM_ROI,Destrieux,N763
450,0.6710526315789473,0.5480263157894737,mannheim,MLP,zscores_SBM_ROI,Destrieux,N763
450,0.598297213622291,0.5255417956656346,creteil,MLP,zscores_SBM_ROI,Destrieux,N763
450,0.6722222222222223,0.6,udine,MLP,zscores_SBM_ROI,Destrieux,N763
450,0.33333333333333337,0.5,galway,MLP,zscores_SBM_ROI,Destrieux,N763
450,0.6892230576441103,0.5341478696741855,pittsburgh,MLP,zscores_SBM_ROI,Destrieux,N763
450,0.5990338164251208,0.4758454106280193,grenoble,MLP,zscores_SBM_ROI,Destrieux,N763
450,0.6685714285714286,0.5242857142857142,geneve,MLP,zscores_SBM_ROI,Destrieux,N763
500,0.6572802197802198,0.532967032967033,Baltimore,MLP,zscores_SBM_ROI,Destrieux,N763
500,0.6280864197530864,0.48842592592592593,Boston,MLP,zscores_SBM_ROI,Destrieux,N763
500,0.531055900621118,0.598343685300207,Dallas,MLP,zscores_SBM_ROI,Destrieux,N763
500,0.8015873015873016,0.6785714285714286,Detroit,MLP,zscores_SBM_ROI,Destrieux,N763
500,0.5216346153846154,0.5112179487179487,Hartford,MLP,zscores_SBM_ROI,Destrieux,N763
500,0.5907894736842106,0.5236842105263158,mannheim,MLP,zscores_SBM_ROI,Destrieux,N763
500,0.6068111455108359,0.49458204334365324,creteil,MLP,zscores_SBM_ROI,Destrieux,N763
500,0.6555555555555556,0.5666666666666667,udine,MLP,zscores_SBM_ROI,Destrieux,N763
500,0.7254901960784315,0.5294117647058824,galway,MLP,zscores_SBM_ROI,Destrieux,N763
500,0.6478696741854637,0.5695488721804511,pittsburgh,MLP,zscores_SBM_ROI,Destrieux,N763
500,0.5893719806763285,0.5652173913043478,grenoble,MLP,zscores_SBM_ROI,Destrieux,N763
500,0.6642857142857143,0.5421428571428571,geneve,MLP,zscores_SBM_ROI,Destrieux,N763
600,0.6449175824175825,0.5879120879120879,Baltimore,MLP,zscores_SBM_ROI,Destrieux,N763
600,0.5817901234567902,0.4861111111111111,Boston,MLP,zscores_SBM_ROI,Destrieux,N763
600,0.4834368530020704,0.45341614906832295,Dallas,MLP,zscores_SBM_ROI,Destrieux,N763
600,0.7777777777777778,0.5952380952380952,Detroit,MLP,zscores_SBM_ROI,Destrieux,N763
600,0.6049679487179487,0.5440705128205129,Hartford,MLP,zscores_SBM_ROI,Destrieux,N763
600,0.6124999999999999,0.6111842105263158,mannheim,MLP,zscores_SBM_ROI,Destrieux,N763
600,0.6803405572755418,0.5859133126934984,creteil,MLP,zscores_SBM_ROI,Destrieux,N763
600,0.6688271604938272,0.575,udine,MLP,zscores_SBM_ROI,Destrieux,N763
600,0.6862745098039216,0.5294117647058824,galway,MLP,zscores_SBM_ROI,Destrieux,N763
600,0.6998746867167919,0.5607769423558897,pittsburgh,MLP,zscores_SBM_ROI,Destrieux,N763
600,0.6376811594202898,0.5869565217391304,grenoble,MLP,zscores_SBM_ROI,Destrieux,N763
600,0.6557142857142857,0.5421428571428571,geneve,MLP,zscores_SBM_ROI,Destrieux,N763
700,0.6298076923076923,0.5590659340659341,Baltimore,MLP,zscores_SBM_ROI,Destrieux,N763
700,0.5756172839506173,0.5486111111111112,Boston,MLP,zscores_SBM_ROI,Destrieux,N763
700,0.5859213250517599,0.5036231884057971,Dallas,MLP,zscores_SBM_ROI,Destrieux,N763
700,0.761904761904762,0.7023809523809523,Detroit,MLP,zscores_SBM_ROI,Destrieux,N763
700,0.49919871794871795,0.5040064102564102,Hartford,MLP,zscores_SBM_ROI,Destrieux,N763
700,0.6921052631578948,0.5993421052631579,mannheim,MLP,zscores_SBM_ROI,Destrieux,N763
700,0.6826625386996904,0.6385448916408669,creteil,MLP,zscores_SBM_ROI,Destrieux,N763
700,0.6453703703703704,0.5861111111111111,udine,MLP,zscores_SBM_ROI,Destrieux,N763
700,0.7450980392156863,0.5294117647058824,galway,MLP,zscores_SBM_ROI,Destrieux,N763
700,0.7011278195488722,0.5786340852130326,pittsburgh,MLP,zscores_SBM_ROI,Destrieux,N763
700,0.6859903381642511,0.5434782608695652,grenoble,MLP,zscores_SBM_ROI,Destrieux,N763
700,0.5842857142857143,0.56,geneve,MLP,zscores_SBM_ROI,Destrieux,N763
75,0.5576923076923077,0.5164835164835164,Baltimore,xgboost,zscores_SBM_ROI,Destrieux,N763
75,0.5216049382716049,0.45833333333333337,Boston,xgboost,zscores_SBM_ROI,Destrieux,N763
75,0.6573498964803313,0.6180124223602484,Dallas,xgboost,zscores_SBM_ROI,Destrieux,N763
75,0.746031746031746,0.6547619047619048,Detroit,xgboost,zscores_SBM_ROI,Destrieux,N763
75,0.4799679487179488,0.4423076923076923,Hartford,xgboost,zscores_SBM_ROI,Destrieux,N763
75,0.594078947368421,0.5842105263157895,mannheim,xgboost,zscores_SBM_ROI,Destrieux,N763
75,0.4481424148606811,0.4729102167182663,creteil,xgboost,zscores_SBM_ROI,Destrieux,N763
75,0.39598765432098765,0.4166666666666667,udine,xgboost,zscores_SBM_ROI,Destrieux,N763
75,0.7843137254901962,0.6470588235294118,galway,xgboost,zscores_SBM_ROI,Destrieux,N763
75,0.6033834586466166,0.5695488721804511,pittsburgh,xgboost,zscores_SBM_ROI,Destrieux,N763
75,0.5748792270531401,0.6521739130434783,grenoble,xgboost,zscores_SBM_ROI,Destrieux,N763
75,0.6057142857142858,0.5642857142857143,geneve,xgboost,zscores_SBM_ROI,Destrieux,N763
150,0.6002747252747254,0.5178571428571429,Baltimore,xgboost,zscores_SBM_ROI,Destrieux,N763
150,0.5879629629629629,0.5324074074074074,Boston,xgboost,zscores_SBM_ROI,Destrieux,N763
150,0.5093167701863355,0.5605590062111802,Dallas,xgboost,zscores_SBM_ROI,Destrieux,N763
150,0.6666666666666667,0.4880952380952381,Detroit,xgboost,zscores_SBM_ROI,Destrieux,N763
150,0.48878205128205127,0.44471153846153844,Hartford,xgboost,zscores_SBM_ROI,Destrieux,N763
150,0.4861842105263158,0.4967105263157895,mannheim,xgboost,zscores_SBM_ROI,Destrieux,N763
150,0.5557275541795665,0.5286377708978328,creteil,xgboost,zscores_SBM_ROI,Destrieux,N763
150,0.46851851851851856,0.5083333333333333,udine,xgboost,zscores_SBM_ROI,Destrieux,N763
150,0.5294117647058824,0.5,galway,xgboost,zscores_SBM_ROI,Destrieux,N763
150,0.6823308270676691,0.525375939849624,pittsburgh,xgboost,zscores_SBM_ROI,Destrieux,N763
150,0.41545893719806765,0.4758454106280193,grenoble,xgboost,zscores_SBM_ROI,Destrieux,N763
150,0.6621428571428571,0.5,geneve,xgboost,zscores_SBM_ROI,Destrieux,N763
200,0.6559065934065934,0.5521978021978022,Baltimore,xgboost,zscores_SBM_ROI,Destrieux,N763
200,0.6419753086419753,0.48842592592592593,Boston,xgboost,zscores_SBM_ROI,Destrieux,N763
200,0.5538302277432712,0.4777432712215321,Dallas,xgboost,zscores_SBM_ROI,Destrieux,N763
200,0.8253968253968255,0.5357142857142857,Detroit,xgboost,zscores_SBM_ROI,Destrieux,N763
200,0.4743589743589744,0.5232371794871795,Hartford,xgboost,zscores_SBM_ROI,Destrieux,N763
200,0.6269736842105263,0.611842105263158,mannheim,xgboost,zscores_SBM_ROI,Destrieux,N763
200,0.6408668730650154,0.641640866873065,creteil,xgboost,zscores_SBM_ROI,Destrieux,N763
200,0.41018518518518515,0.4833333333333333,udine,xgboost,zscores_SBM_ROI,Destrieux,N763
200,0.45098039215686275,0.5,galway,xgboost,zscores_SBM_ROI,Destrieux,N763
200,0.6271929824561404,0.5607769423558897,pittsburgh,xgboost,zscores_SBM_ROI,Destrieux,N763
200,0.6763285024154589,0.5434782608695652,grenoble,xgboost,zscores_SBM_ROI,Destrieux,N763
200,0.7214285714285713,0.5,geneve,xgboost,zscores_SBM_ROI,Destrieux,N763
300,0.5357142857142857,0.49862637362637363,Baltimore,xgboost,zscores_SBM_ROI,Destrieux,N763
300,0.7129629629629629,0.6435185185185185,Boston,xgboost,zscores_SBM_ROI,Destrieux,N763
300,0.5383022774327123,0.48757763975155277,Dallas,xgboost,zscores_SBM_ROI,Destrieux,N763
300,0.753968253968254,0.6785714285714286,Detroit,xgboost,zscores_SBM_ROI,Destrieux,N763
300,0.5208333333333333,0.5232371794871795,Hartford,xgboost,zscores_SBM_ROI,Destrieux,N763
300,0.6427631578947368,0.5625,mannheim,xgboost,zscores_SBM_ROI,Destrieux,N763
300,0.6687306501547987,0.5843653250773994,creteil,xgboost,zscores_SBM_ROI,Destrieux,N763
300,0.4712962962962963,0.5333333333333333,udine,xgboost,zscores_SBM_ROI,Destrieux,N763
300,0.5686274509803921,0.5882352941176471,galway,xgboost,zscores_SBM_ROI,Destrieux,N763
300,0.6484962406015038,0.5078320802005013,pittsburgh,xgboost,zscores_SBM_ROI,Destrieux,N763
300,0.47342995169082125,0.5652173913043478,grenoble,xgboost,zscores_SBM_ROI,Destrieux,N763
300,0.7242857142857142,0.52,geneve,xgboost,zscores_SBM_ROI,Destrieux,N763
400,0.5123626373626373,0.5164835164835165,Baltimore,xgboost,zscores_SBM_ROI,Destrieux,N763
400,0.7037037037037036,0.5648148148148149,Boston,xgboost,zscores_SBM_ROI,Destrieux,N763
400,0.505175983436853,0.5134575569358178,Dallas,xgboost,zscores_SBM_ROI,Destrieux,N763
400,0.7063492063492064,0.5357142857142857,Detroit,xgboost,zscores_SBM_ROI,Destrieux,N763
400,0.47596153846153844,0.5144230769230769,Hartford,xgboost,zscores_SBM_ROI,Destrieux,N763
400,0.5894736842105264,0.5361842105263157,mannheim,xgboost,zscores_SBM_ROI,Destrieux,N763
400,0.6594427244582044,0.6122291021671826,creteil,xgboost,zscores_SBM_ROI,Destrieux,N763
400,0.6024691358024692,0.5555555555555556,udine,xgboost,zscores_SBM_ROI,Destrieux,N763
400,0.7058823529411764,0.5588235294117647,galway,xgboost,zscores_SBM_ROI,Destrieux,N763
400,0.6804511278195489,0.5347744360902256,pittsburgh,xgboost,zscores_SBM_ROI,Destrieux,N763
400,0.5603864734299517,0.5096618357487922,grenoble,xgboost,zscores_SBM_ROI,Destrieux,N763
400,0.6485714285714285,0.5621428571428572,geneve,xgboost,zscores_SBM_ROI,Destrieux,N763
450,0.6298076923076923,0.5604395604395604,Baltimore,xgboost,zscores_SBM_ROI,Destrieux,N763
450,0.6327160493827161,0.4537037037037037,Boston,xgboost,zscores_SBM_ROI,Destrieux,N763
450,0.5579710144927537,0.4855072463768116,Dallas,xgboost,zscores_SBM_ROI,Destrieux,N763
450,0.753968253968254,0.5357142857142857,Detroit,xgboost,zscores_SBM_ROI,Destrieux,N763
450,0.4278846153846154,0.5544871794871795,Hartford,xgboost,zscores_SBM_ROI,Destrieux,N763
450,0.5532894736842106,0.49802631578947365,mannheim,xgboost,zscores_SBM_ROI,Destrieux,N763
450,0.6609907120743034,0.6284829721362228,creteil,xgboost,zscores_SBM_ROI,Destrieux,N763
450,0.6104938271604937,0.6027777777777779,udine,xgboost,zscores_SBM_ROI,Destrieux,N763
450,0.5098039215686275,0.5882352941176471,galway,xgboost,zscores_SBM_ROI,Destrieux,N763
450,0.6484962406015038,0.5614035087719298,pittsburgh,xgboost,zscores_SBM_ROI,Destrieux,N763
450,0.5217391304347826,0.4879227053140096,grenoble,xgboost,zscores_SBM_ROI,Destrieux,N763
450,0.7314285714285714,0.58,geneve,xgboost,zscores_SBM_ROI,Destrieux,N763
500,0.5817307692307693,0.47115384615384615,Baltimore,xgboost,zscores_SBM_ROI,Destrieux,N763
500,0.5632716049382716,0.44907407407407407,Boston,xgboost,zscores_SBM_ROI,Destrieux,N763
500,0.5351966873706004,0.5351966873706004,Dallas,xgboost,zscores_SBM_ROI,Destrieux,N763
500,0.5952380952380952,0.4880952380952381,Detroit,xgboost,zscores_SBM_ROI,Destrieux,N763
500,0.43910256410256415,0.5232371794871795,Hartford,xgboost,zscores_SBM_ROI,Destrieux,N763
500,0.6026315789473684,0.5375,mannheim,xgboost,zscores_SBM_ROI,Destrieux,N763
500,0.6741486068111455,0.5797213622291022,creteil,xgboost,zscores_SBM_ROI,Destrieux,N763
500,0.6197530864197531,0.5388888888888889,udine,xgboost,zscores_SBM_ROI,Destrieux,N763
500,0.607843137254902,0.5,galway,xgboost,zscores_SBM_ROI,Destrieux,N763
500,0.6516290726817042,0.5614035087719298,pittsburgh,xgboost,zscores_SBM_ROI,Destrieux,N763
500,0.5845410628019323,0.5869565217391304,grenoble,xgboost,zscores_SBM_ROI,Destrieux,N763
500,0.6542857142857142,0.5221428571428571,geneve,xgboost,zscores_SBM_ROI,Destrieux,N763
600,0.6414835164835164,0.5260989010989011,Baltimore,xgboost,zscores_SBM_ROI,Destrieux,N763
600,0.654320987654321,0.5115740740740741,Boston,xgboost,zscores_SBM_ROI,Destrieux,N763
600,0.4513457556935818,0.49948240165631475,Dallas,xgboost,zscores_SBM_ROI,Destrieux,N763
600,0.6428571428571428,0.6190476190476191,Detroit,xgboost,zscores_SBM_ROI,Destrieux,N763
600,0.42948717948717946,0.5368589743589743,Hartford,xgboost,zscores_SBM_ROI,Destrieux,N763
600,0.5210526315789474,0.4730263157894737,mannheim,xgboost,zscores_SBM_ROI,Destrieux,N763
600,0.695046439628483,0.6222910216718266,creteil,xgboost,zscores_SBM_ROI,Destrieux,N763
600,0.5645061728395061,0.5555555555555556,udine,xgboost,zscores_SBM_ROI,Destrieux,N763
600,0.4117647058823529,0.5,galway,xgboost,zscores_SBM_ROI,Destrieux,N763
600,0.6447368421052632,0.5789473684210527,pittsburgh,xgboost,zscores_SBM_ROI,Destrieux,N763
600,0.5314009661835748,0.5096618357487922,grenoble,xgboost,zscores_SBM_ROI,Destrieux,N763
600,0.71,0.52,geneve,xgboost,zscores_SBM_ROI,Destrieux,N763
700,0.5013736263736264,0.5260989010989011,Baltimore,xgboost,zscores_SBM_ROI,Destrieux,N763
700,0.6358024691358024,0.6087962962962963,Boston,xgboost,zscores_SBM_ROI,Destrieux,N763
700,0.46480331262939956,0.4580745341614907,Dallas,xgboost,zscores_SBM_ROI,Destrieux,N763
700,0.626984126984127,0.5952380952380952,Detroit,xgboost,zscores_SBM_ROI,Destrieux,N763
700,0.5072115384615384,0.5144230769230769,Hartford,xgboost,zscores_SBM_ROI,Destrieux,N763
700,0.55,0.5368421052631579,mannheim,xgboost,zscores_SBM_ROI,Destrieux,N763
700,0.631578947368421,0.5534055727554179,creteil,xgboost,zscores_SBM_ROI,Destrieux,N763
700,0.5867283950617284,0.5666666666666667,udine,xgboost,zscores_SBM_ROI,Destrieux,N763
700,0.5686274509803921,0.5,galway,xgboost,zscores_SBM_ROI,Destrieux,N763
700,0.6553884711779447,0.5964912280701754,pittsburgh,xgboost,zscores_SBM_ROI,Destrieux,N763
700,0.6666666666666667,0.5434782608695652,grenoble,xgboost,zscores_SBM_ROI,Destrieux,N763
700,0.6528571428571429,0.5221428571428571,geneve,xgboost,zscores_SBM_ROI,Destrieux,N763
